"tuning_time","measurement","gpu","kernel","time","size"
15.000943,2.41650732358,"GTX-980","b+tree","7200","default"
29.741777,2.374224027,"GTX-980","b+tree","7200","default"
1418.191668,2.36712590853,"GTX-980","b+tree","7200","default"
1874.089196,2.36479496956,"GTX-980","b+tree","7200","default"
2206.152224,2.35513138771,"GTX-980","b+tree","7200","default"
2598.83073,2.33398620288,"GTX-980","b+tree","7200","default"
3256.155007,2.32753165563,"GTX-980","b+tree","7200","default"
5176.950974,2.31819740931,"GTX-980","b+tree","7200","default"
2.785156,9999,"GTX-980","backprop","7200","default"
14.484544,1.24973233541,"GTX-980","backprop","7200","default"
22.774907,1.00437728564,"GTX-980","backprop","7200","default"
45.424337,1.00178925196,"GTX-980","backprop","7200","default"
247.657098,0.994968970617,"GTX-980","backprop","7200","default"
321.916123,0.983367363612,"GTX-980","backprop","7200","default"
558.839725,0.982016007106,"GTX-980","backprop","7200","default"
1377.751997,0.979540348053,"GTX-980","backprop","7200","default"
5478.418948,0.977716604869,"GTX-980","backprop","7200","default"
5.484903,0.9887342453,"GTX-980","bfs","7200","default"
10.825514,0.972322702408,"GTX-980","bfs","7200","default"
16.027521,0.953090985616,"GTX-980","bfs","7200","default"
21.214069,0.950863997142,"GTX-980","bfs","7200","default"
89.731887,0.948597033819,"GTX-980","bfs","7200","default"
116.101792,0.941070318222,"GTX-980","bfs","7200","default"
842.078004,0.937873681386,"GTX-980","bfs","7200","default"
6622.451409,0.937105337779,"GTX-980","bfs","7200","default"
6.113001,1.20343955358,"GTX-980","Bitonic","7200","4194304"
12.034528,1.1904352506,"GTX-980","Bitonic","7200","4194304"
24.077936,1.17894895871,"GTX-980","Bitonic","7200","4194304"
59.670109,1.17792971929,"GTX-980","Bitonic","7200","4194304"
89.295845,1.16491905848,"GTX-980","Bitonic","7200","4194304"
226.011043,1.16125369072,"GTX-980","Bitonic","7200","4194304"
985.415061,1.16006994247,"GTX-980","Bitonic","7200","4194304"
8.942481,2.12841796875,"GTX-980","gaussian","7200","default"
17.598693,2.07074507078,"GTX-980","gaussian","7200","default"
124.745146,2.05972242355,"GTX-980","gaussian","7200","default"
182.776218,2.0552286307,"GTX-980","gaussian","7200","default"
217.347931,2.05373994509,"GTX-980","gaussian","7200","default"
261.847958,2.03837569555,"GTX-980","gaussian","7200","default"
499.410662,2.03206197421,"GTX-980","gaussian","7200","default"
2677.068433,2.03178127607,"GTX-980","gaussian","7200","default"
4680.71108,2.03118062019,"GTX-980","gaussian","7200","default"
5065.465522,2.02969296773,"GTX-980","gaussian","7200","default"
5299.772726,2.02467298508,"GTX-980","gaussian","7200","default"
6.7088,2.89260967573,"GTX-980","heartwall-original","7200","default"
23.702934,2.89260967573,"GTX-980","heartwall-original","7200","default"
40.965811,2.85804828008,"GTX-980","heartwall-original","7200","default"
75.341963,1.31597328186,"GTX-980","heartwall-original","7200","default"
95.43959,1.31079173088,"GTX-980","heartwall-original","7200","default"
135.784588,1.30954758326,"GTX-980","heartwall-original","7200","default"
142.938786,1.3062719504,"GTX-980","heartwall-original","7200","default"
212.240489,1.30106925964,"GTX-980","heartwall-original","7200","default"
310.581478,1.28427767754,"GTX-980","heartwall-original","7200","default"
340.253087,1.25703056653,"GTX-980","heartwall-original","7200","default"
661.844622,1.2408413887,"GTX-980","heartwall-original","7200","default"
844.5981,1.23409875234,"GTX-980","heartwall-original","7200","default"
877.941161,1.20753375689,"GTX-980","heartwall-original","7200","default"
891.884238,1.20304894447,"GTX-980","heartwall-original","7200","default"
954.948778,1.18383391698,"GTX-980","heartwall-original","7200","default"
975.616982,1.17273465792,"GTX-980","heartwall-original","7200","default"
1097.604334,1.17226457596,"GTX-980","heartwall-original","7200","default"
2103.15856,1.17014066378,"GTX-980","heartwall-original","7200","default"
3219.729397,1.16888443629,"GTX-980","heartwall-original","7200","default"
4960.149308,1.16794236501,"GTX-980","heartwall-original","7200","default"
4.451825,0.432428280512,"GTX-980","heartwall","7200","default"
8.643435,0.390415350596,"GTX-980","heartwall","7200","default"
76.083997,0.370850563049,"GTX-980","heartwall","7200","default"
80.178789,0.353941599528,"GTX-980","heartwall","7200","default"
91.959579,0.353274027507,"GTX-980","heartwall","7200","default"
131.523634,0.332510709763,"GTX-980","heartwall","7200","default"
211.063728,0.329721530279,"GTX-980","heartwall","7200","default"
7.850145,1.79048244158,"GTX-980","hotspot","7200","default"
15.65443,1.76826238632,"GTX-980","hotspot","7200","default"
203.278708,1.76709055901,"GTX-980","hotspot","7200","default"
226.646788,1.75919151306,"GTX-980","hotspot","7200","default"
389.86972,1.73654739062,"GTX-980","hotspot","7200","default"
397.2739,1.67888895671,"GTX-980","hotspot","7200","default"
2.977924,9999,"GTX-980","kmeans","7200","default"
15.809845,2.43181490898,"GTX-980","kmeans","7200","default"
25.750676,2.38460469246,"GTX-980","kmeans","7200","default"
8.768818,1.26650102933,"GTX-980","lavaMD-original","3600","default"
17.225796,1.23420238495,"GTX-980","lavaMD-original","3600","default"
42.845201,1.22887428602,"GTX-980","lavaMD-original","3600","default"
85.623747,1.22509304682,"GTX-980","lavaMD-original","3600","default"
111.361352,1.22348666191,"GTX-980","lavaMD-original","3600","default"
1865.104498,1.21769134204,"GTX-980","lavaMD-original","3600","default"
8.687162,1.24104396502,"GTX-980","lavaMD-original","3600","default"
25.849152,1.23824596405,"GTX-980","lavaMD-original","3600","default"
51.835755,1.23059447606,"GTX-980","lavaMD-original","3600","default"
86.428178,1.22518428167,"GTX-980","lavaMD-original","3600","default"
103.389828,1.22413929303,"GTX-980","lavaMD-original","3600","default"
1018.82697,1.22380892436,"GTX-980","lavaMD-original","3600","default"
1449.129187,1.21921364466,"GTX-980","lavaMD-original","3600","default"
2052.996558,1.21880030632,"GTX-980","lavaMD-original","3600","default"
0.597506,9999,"GTX-980","lavaMD-original","60","default"
0.572739,9999,"GTX-980","lavaMD-original","60","default"
8.932076,1.27280092239,"GTX-980","lavaMD-original","7200","default"
17.623532,1.26138965289,"GTX-980","lavaMD-original","7200","default"
26.395271,1.25842364629,"GTX-980","lavaMD-original","7200","default"
43.94141,1.24724706014,"GTX-980","lavaMD-original","7200","default"
148.920003,1.23211367925,"GTX-980","lavaMD-original","7200","default"
700.417639,1.23149204254,"GTX-980","lavaMD-original","7200","default"
910.377569,1.22688023249,"GTX-980","lavaMD-original","7200","default"
2120.280297,1.22480662664,"GTX-980","lavaMD-original","7200","default"
4836.414614,1.22381067276,"GTX-980","lavaMD-original","7200","default"
6.889036,0.607930660248,"GTX-980","lavaMD","120","default"
12.79137,0.399498065313,"GTX-980","lavaMD","120","default"
24.699863,0.397650241852,"GTX-980","lavaMD","120","default"
120.118656,0.39685233434,"GTX-980","lavaMD","120","default"
6.081934,0.399161974589,"GTX-980","lavaMD","7200","default"
29.707535,0.39864897728,"GTX-980","lavaMD","7200","default"
35.579088,0.394114414851,"GTX-980","lavaMD","7200","default"
47.48676,0.393814404806,"GTX-980","lavaMD","7200","default"
59.228533,0.389938751856,"GTX-980","lavaMD","7200","default"
82.799028,0.38946000735,"GTX-980","lavaMD","7200","default"
5.990134,0.39403629303,"GTX-980","lavaMD","7200","default"
1067.344165,0.392504692078,"GTX-980","lavaMD","7200","default"
8.913005,1.1959865888,"GTX-980","lud","7200","default"
17.119856,1.09285259247,"GTX-980","lud","7200","default"
24.874941,0.990744034449,"GTX-980","lud","7200","default"
96.995671,0.984921614329,"GTX-980","lud","7200","default"
290.207372,0.981722434362,"GTX-980","lud","7200","default"
790.130861,0.980724334717,"GTX-980","lud","7200","default"
1725.39882,0.980545361837,"GTX-980","lud","7200","default"
2884.214763,0.976291577021,"GTX-980","lud","7200","default"
43.221238,13.5808419387,"GTX-980","MatMulGPU","7200","8192"
75.794853,10.0151566664,"GTX-980","MatMulGPU","7200","8192"
138.790918,8.6511276563,"GTX-980","MatMulGPU","7200","8192"
167.195586,8.64902361234,"GTX-980","MatMulGPU","7200","8192"
2462.858752,8.63348468145,"GTX-980","MatMulGPU","7200","8192"
18.073741,5.23300600052,"GTX-980","MatMulShared","7200","8192"
53.336513,4.86172596614,"GTX-980","MatMulShared","7200","8192"
74.326691,23.9342470169,"GTX-980","MatMulSharedUn","7200","8192"
114.025669,12.3662946224,"GTX-980","MatMulSharedUn","7200","8192"
193.285693,12.346506993,"GTX-980","MatMulSharedUn","7200","8192"
272.491162,12.3246210416,"GTX-980","MatMulSharedUn","7200","8192"
301.465819,8.79091199239,"GTX-980","MatMulSharedUn","7200","8192"
417.300079,8.79052996635,"GTX-980","MatMulSharedUn","7200","8192"
475.209085,8.77054198583,"GTX-980","MatMulSharedUn","7200","8192"
1617.230057,8.76712028186,"GTX-980","MatMulSharedUn","7200","8192"
2682.489154,8.76125939687,"GTX-980","MatMulSharedUn","7200","8192"
3014.338836,8.75071708361,"GTX-980","MatMulSharedUn","7200","8192"
4195.735271,8.74904505412,"GTX-980","MatMulSharedUn","7200","8192"
144.884714,47.4439300696,"GTX-980","MatMulUn","7200","8192"
435.034291,47.4134803613,"GTX-980","MatMulUn","7200","8192"
1538.390881,20.0855176449,"GTX-980","MatMulUn","7200","8192"
1600.837412,19.9719187419,"GTX-980","MatMulUn","7200","8192"
1870.67425,19.9169347286,"GTX-980","MatMulUn","7200","8192"
2139.893146,19.8561092218,"GTX-980","MatMulUn","7200","8192"
3139.269131,19.8517371019,"GTX-980","MatMulUn","7200","8192"
6081.29717,19.8127403259,"GTX-980","MatMulUn","7200","8192"
17.67019,2.53958400091,"GTX-980","myocyte","3600","default"
52.563859,2.0961356163,"GTX-980","myocyte","3600","default"
114.492721,1.44763533274,"GTX-980","myocyte","3600","default"
163.864232,1.44690775871,"GTX-980","myocyte","3600","default"
176.82376,1.43236144384,"GTX-980","myocyte","3600","default"
203.075898,1.41957100232,"GTX-980","myocyte","3600","default"
545.781327,1.40428932508,"GTX-980","myocyte","3600","default"
10.232001,9999,"GTX-980","myocyte","3600","default"
13.899161,9999,"GTX-980","myocyte","60","default"
27.306327,1.86684433619,"GTX-980","myocyte","60","default"
9.186843,9999,"GTX-980","myocyte","60","default"
34.669455,2.14445638657,"GTX-980","myocyte","60","default"
13.839898,1.90912826856,"GTX-980","myocyte","7200","default"
23.9149,1.43725442886,"GTX-980","myocyte","7200","default"
124.90837,1.43436765671,"GTX-980","myocyte","7200","default"
160.736469,1.42484474182,"GTX-980","myocyte","7200","default"
287.293942,1.42078002294,"GTX-980","myocyte","7200","default"
312.89651,1.41896239916,"GTX-980","myocyte","7200","default"
338.083385,1.41212169329,"GTX-980","myocyte","7200","default"
402.964274,1.40954931577,"GTX-980","myocyte","7200","default"
473.350077,1.37075901031,"GTX-980","myocyte","7200","default"
539.583955,1.36672767003,"GTX-980","myocyte","7200","default"
601.862813,1.3373383681,"GTX-980","myocyte","7200","default"
5.811804,1.04212800662,"GTX-980","needle","120","default"
11.348336,1.0284315745,"GTX-980","needle","120","default"
33.582767,1.01654569308,"GTX-980","needle","120","default"
67.090113,1.0095149676,"GTX-980","needle","120","default"
5.740612,1.03527164459,"GTX-980","needle","7200","default"
11.328151,1.01907261213,"GTX-980","needle","7200","default"
101.061243,1.01674874624,"GTX-980","needle","7200","default"
157.287491,1.01354130109,"GTX-980","needle","7200","default"
174.182739,1.01112659772,"GTX-980","needle","7200","default"
275.593956,1.00862709681,"GTX-980","needle","7200","default"
678.743197,1.00305565198,"GTX-980","needle","7200","default"
1117.421712,1.00156704585,"GTX-980","needle","7200","default"
2215.375787,0.999549309413,"GTX-980","needle","7200","default"
5.740612,1.03527164459,"GTX-980","Needle","7200","default"
11.328151,1.01907261213,"GTX-980","Needle","7200","default"
101.061243,1.01674874624,"GTX-980","Needle","7200","default"
157.287491,1.01354130109,"GTX-980","Needle","7200","default"
174.182739,1.01112659772,"GTX-980","Needle","7200","default"
275.593956,1.00862709681,"GTX-980","Needle","7200","default"
678.743197,1.00305565198,"GTX-980","Needle","7200","default"
1117.421712,1.00156704585,"GTX-980","Needle","7200","default"
2215.375787,0.999549309413,"GTX-980","Needle","7200","default"
0.131775,9999,"GTX-980","ParticleFilterFloat","7200","50000"
0.148318,9999,"GTX-980","ParticleFilterNaive","7200","50000"
5.962418,1.13261230787,"GTX-980","Pathfinder","120","default"
17.504579,1.10862112045,"GTX-980","Pathfinder","120","default"
34.684266,1.10237630208,"GTX-980","Pathfinder","120","default"
86.792444,1.10125597318,"GTX-980","Pathfinder","120","default"
121.36508,1.10034863154,"GTX-980","Pathfinder","120","default"
5.908134,1.11189103127,"GTX-980","Pathfinder","7200","default"
457.663313,1.10864941279,"GTX-980","Pathfinder","7200","default"
463.567586,1.10634557406,"GTX-980","Pathfinder","7200","default"
980.237558,1.09941569964,"GTX-980","Pathfinder","7200","default"
6876.67216,1.09544006983,"GTX-980","Pathfinder","7200","default"
11.67458,3.07455722491,"GTX-980","Quicksort","7200","65536"
125.541076,3.05953097343,"GTX-980","Quicksort","7200","65536"
3179.11778,3.05763737361,"GTX-980","Quicksort","7200","65536"
3669.071037,3.05024806658,"GTX-980","Quicksort","7200","65536"
8.263062,9999,"GTX-980","SubSeqMax","7200","1073741824"
6.629361,1.37054260572,"GTX-980","VecAdd","7200","4194304"
12.466978,1.15899689992,"GTX-980","VecAdd","7200","4194304"
18.259,1.13930034637,"GTX-980","VecAdd","7200","4194304"
24.046218,1.13588706652,"GTX-980","VecAdd","7200","4194304"
41.675956,1.13084236781,"GTX-980","VecAdd","7200","4194304"
47.462542,1.1220916907,"GTX-980","VecAdd","7200","4194304"
581.97645,1.11652199427,"GTX-980","VecAdd","7200","4194304"
1816.271496,1.11337796847,"GTX-980","VecAdd","7200","4194304"
8.169707,9999,"GTX-750","b+tree","7200","default"
90.807837,2.24927481016,"GTX-750","b+tree","7200","default"
113.881489,2.22801160812,"GTX-750","b+tree","7200","default"
304.073788,2.21627664566,"GTX-750","b+tree","7200","default"
385.727832,2.19371732076,"GTX-750","b+tree","7200","default"
531.842701,2.1928563118,"GTX-750","b+tree","7200","default"
1435.739007,2.16965675354,"GTX-750","b+tree","7200","default"
1593.211953,2.14238246282,"GTX-750","b+tree","7200","default"
4623.981664,2.14100003242,"GTX-750","b+tree","7200","default"
3.744656,9999,"GTX-750","backprop","7200","default"
25.95649,0.744340419769,"GTX-750","backprop","7200","default"
30.760384,0.738935073217,"GTX-750","backprop","7200","default"
46.570276,0.711903413137,"GTX-750","backprop","7200","default"
219.434052,0.707880417506,"GTX-750","backprop","7200","default"
6356.544251,0.706771294276,"GTX-750","backprop","7200","default"
4.854621,0.710011323293,"GTX-750","bfs","7200","default"
9.375036,0.708040714264,"GTX-750","bfs","7200","default"
18.680455,0.697038968404,"GTX-750","bfs","7200","default"
23.18461,0.691096703211,"GTX-750","bfs","7200","default"
27.703962,0.683604399363,"GTX-750","bfs","7200","default"
180.303981,0.680705785751,"GTX-750","bfs","7200","default"
225.133796,0.677978595098,"GTX-750","bfs","7200","default"
502.367235,0.676842689514,"GTX-750","bfs","7200","default"
692.776084,0.672930637995,"GTX-750","bfs","7200","default"
1254.86574,0.67281627655,"GTX-750","bfs","7200","default"
1676.977819,0.670442740122,"GTX-750","bfs","7200","default"
1772.691194,0.66871102651,"GTX-750","bfs","7200","default"
5.616074,1.00048708916,"GTX-750","Bitonic","7200","4194304"
11.070506,0.992899974187,"GTX-750","Bitonic","7200","4194304"
46.263298,0.985146999359,"GTX-750","Bitonic","7200","4194304"
79.048029,0.983192284902,"GTX-750","Bitonic","7200","4194304"
266.805754,0.975943009059,"GTX-750","Bitonic","7200","4194304"
609.68277,0.97530968984,"GTX-750","Bitonic","7200","4194304"
821.673901,0.975048700968,"GTX-750","Bitonic","7200","4194304"
871.291273,0.97380900383,"GTX-750","Bitonic","7200","4194304"
1309.444969,0.973187367121,"GTX-750","Bitonic","7200","4194304"
1348.206253,0.970928430557,"GTX-750","Bitonic","7200","4194304"
2721.72862,0.970895767212,"GTX-750","Bitonic","7200","4194304"
4154.626727,0.967919270198,"GTX-750","Bitonic","7200","4194304"
5902.818642,0.96654009819,"GTX-750","Bitonic","7200","4194304"
14.885495,4.05388394992,"GTX-750","gaussian","7200","default"
29.579808,4.05229902267,"GTX-750","gaussian","7200","default"
44.271347,4.03075472514,"GTX-750","gaussian","7200","default"
1341.22897,4.02622024218,"GTX-750","gaussian","7200","default"
5.541259,0.898048321406,"GTX-750","heartwall-old","7200","default"
17.2107,0.898048321406,"GTX-750","heartwall-old","7200","default"
29.219365,0.88498878479,"GTX-750","heartwall-old","7200","default"
42.87804,0.883289893468,"GTX-750","heartwall-old","7200","default"
180.068829,0.878636757533,"GTX-750","heartwall-old","7200","default"
460.955078,0.877688884735,"GTX-750","heartwall-old","7200","default"
709.152354,0.877345005671,"GTX-750","heartwall-old","7200","default"
1323.560683,0.86759964625,"GTX-750","heartwall-old","7200","default"
9.685511,2.09814842542,"GTX-750","heartwall-original","7200","default"
29.681909,2.05005232493,"GTX-750","heartwall-original","7200","default"
51.647304,2.04959305127,"GTX-750","heartwall-original","7200","default"
60.670466,1.94902865092,"GTX-750","heartwall-original","7200","default"
68.023605,1.39418570201,"GTX-750","heartwall-original","7200","default"
109.035626,1.3347492218,"GTX-750","heartwall-original","7200","default"
675.559536,1.32830667496,"GTX-750","heartwall-original","7200","default"
1976.602067,1.32245524724,"GTX-750","heartwall-original","7200","default"
3887.38163,1.31627504031,"GTX-750","heartwall-original","7200","default"
6944.668451,1.31608112653,"GTX-750","heartwall-original","7200","default"
5.62681,9999,"GTX-750","heartwall","7200","default"
36.927934,6.67283964157,"GTX-750","heartwall","7200","default"
43.733425,1.23740967115,"GTX-750","heartwall","7200","default"
107.353097,0.749182621638,"GTX-750","heartwall","7200","default"
123.169512,0.728932062785,"GTX-750","heartwall","7200","default"
7.715783,1.60246260961,"GTX-750","hotspot-old","7200","default"
91.856856,1.54404743512,"GTX-750","hotspot-old","7200","default"
151.44163,1.51202956835,"GTX-750","hotspot-old","7200","default"
286.832836,1.50451397896,"GTX-750","hotspot-old","7200","default"
638.648408,1.50367728869,"GTX-750","hotspot-old","7200","default"
683.344028,1.47013839086,"GTX-750","hotspot-old","7200","default"
4661.359195,1.44349273046,"GTX-750","hotspot-old","7200","default"
4934.256544,1.40854891141,"GTX-750","hotspot-old","7200","default"
6.813689,1.41137393316,"GTX-750","hotspot","7200","default"
172.021774,1.40759809812,"GTX-750","hotspot","7200","default"
419.201139,1.40573263168,"GTX-750","hotspot","7200","default"
1070.333448,1.40530625979,"GTX-750","hotspot","7200","default"
1363.775992,1.40346288681,"GTX-750","hotspot","7200","default"
1759.954371,1.39784200986,"GTX-750","hotspot","7200","default"
3599.937844,1.39546767871,"GTX-750","hotspot","7200","default"
4.982456,9999,"GTX-750","kmeans","7200","default"
79.68849,2.25233999888,"GTX-750","kmeans","7200","default"
0.594805,9999,"GTX-750","lavaMD-old","30","default"
9.168622,1.37373669942,"GTX-750","lavaMD-old","3600","default"
18.10739,1.36443201701,"GTX-750","lavaMD-old","3600","default"
63.639026,1.35054691633,"GTX-750","lavaMD-old","3600","default"
3070.677802,1.34987624486,"GTX-750","lavaMD-old","3600","default"
9.397197,1.37685990334,"GTX-750","lavaMD-old","3600","default"
27.727191,1.37261597315,"GTX-750","lavaMD-old","3600","default"
64.618901,1.36696592967,"GTX-750","lavaMD-old","3600","default"
120.270821,1.36114732424,"GTX-750","lavaMD-old","3600","default"
351.037833,1.35841194789,"GTX-750","lavaMD-old","3600","default"
912.860613,1.35066890717,"GTX-750","lavaMD-old","3600","default"
9.665032,1.42957695325,"GTX-750","lavaMD-old","7200","default"
19.070566,1.3734989961,"GTX-750","lavaMD-old","7200","default"
75.991825,1.36371270816,"GTX-750","lavaMD-old","7200","default"
1057.023032,1.3627076149,"GTX-750","lavaMD-old","7200","default"
1210.075848,1.35683997472,"GTX-750","lavaMD-old","7200","default"
2755.813778,1.356341362,"GTX-750","lavaMD-old","7200","default"
5990.702847,1.35576192538,"GTX-750","lavaMD-old","7200","default"
9.22347,1.37841463089,"GTX-750","lavaMD-original","7200","default"
37.359487,1.37310663859,"GTX-750","lavaMD-original","7200","default"
65.364796,1.36079565684,"GTX-750","lavaMD-original","7200","default"
1338.287172,1.35955262184,"GTX-750","lavaMD-original","7200","default"
1989.533733,1.35921597481,"GTX-750","lavaMD-original","7200","default"
3606.504206,1.35890094439,"GTX-750","lavaMD-original","7200","default"
4097.744638,1.35770360629,"GTX-750","lavaMD-original","7200","default"
5679.390227,1.35608259837,"GTX-750","lavaMD-original","7200","default"
7.488558,0.81919725736,"GTX-750","lavaMD","120","default"
14.560704,0.778320630391,"GTX-750","lavaMD","120","default"
21.615187,0.777816295624,"GTX-750","lavaMD","120","default"
28.660603,0.776751041412,"GTX-750","lavaMD","120","default"
35.705539,0.776677290599,"GTX-750","lavaMD","120","default"
49.888603,0.772962331772,"GTX-750","lavaMD","120","default"
99.646772,0.772710084915,"GTX-750","lavaMD","120","default"
7.188421,0.786028067271,"GTX-750","lavaMD","7200","default"
14.27747,0.777230342229,"GTX-750","lavaMD","7200","default"
78.274471,0.777040402095,"GTX-750","lavaMD","7200","default"
92.442278,0.776354312897,"GTX-750","lavaMD","7200","default"
113.696367,0.7749487559,"GTX-750","lavaMD","7200","default"
199.313382,0.773543675741,"GTX-750","lavaMD","7200","default"
362.882958,0.771181265513,"GTX-750","lavaMD","7200","default"
7.200025,0.768403689067,"GTX-750","lavaMD","7200","default"
7.53631,0.791994730632,"GTX-750","lud","7200","default"
22.180384,0.758900721868,"GTX-750","lud","7200","default"
66.629365,0.719610611598,"GTX-750","lud","7200","default"
336.037764,0.710278352102,"GTX-750","lud","7200","default"
461.321161,0.703716198603,"GTX-750","lud","7200","default"
3000.216276,0.703533013662,"GTX-750","lud","7200","default"
4394.838646,0.698366721471,"GTX-750","lud","7200","default"
72.218691,23.2369391123,"GTX-750","MatMulGPU","7200","8192"
37.185933,11.6024940014,"GTX-750","MatMulShared","7200","8192"
145.741408,9.97558800379,"GTX-750","MatMulShared","7200","8192"
178.345876,9.9641280969,"GTX-750","MatMulShared","7200","8192"
210.967373,9.9620932738,"GTX-750","MatMulShared","7200","8192"
1203.005919,9.96005066236,"GTX-750","MatMulShared","7200","8192"
1539.827183,9.95684393247,"GTX-750","MatMulShared","7200","8192"
1975.365466,9.94541764259,"GTX-750","MatMulShared","7200","8192"
2895.188748,9.93637331327,"GTX-750","MatMulShared","7200","8192"
5704.727282,9.93065357208,"GTX-750","MatMulShared","7200","8192"
6122.168605,9.9269349575,"GTX-750","MatMulShared","7200","8192"
6670.049193,9.92683466276,"GTX-750","MatMulShared","7200","8192"
79.339649,25.5643784205,"GTX-750","MatMulSharedUn","7200","8192"
4803.156368,25.5411384106,"GTX-750","MatMulSharedUn","7200","8192"
541.068829,179.489350319,"GTX-750","MatMulUn","7200","8192"
3923.984345,179.461658398,"GTX-750","MatMulUn","7200","8192"
6222.401881,179.425601959,"GTX-750","MatMulUn","7200","8192"
7.893599,9999,"GTX-750","myocyte","30","default"
39.410728,3.40234557788,"GTX-750","myocyte","30","default"
14.224549,1.68955540657,"GTX-750","myocyte","3600","default"
161.305826,1.19522833824,"GTX-750","myocyte","3600","default"
545.959955,1.16283369064,"GTX-750","myocyte","3600","default"
929.348859,1.15715972582,"GTX-750","myocyte","3600","default"
977.69688,1.1457901001,"GTX-750","myocyte","3600","default"
1436.549695,1.11231764158,"GTX-750","myocyte","3600","default"
10.815047,9999,"GTX-750","myocyte","3600","default"
29.057237,2.12732768059,"GTX-750","myocyte","3600","default"
55.59159,1.25909169515,"GTX-750","myocyte","3600","default"
69.866883,1.23454999924,"GTX-750","myocyte","3600","default"
153.472054,1.16383139292,"GTX-750","myocyte","3600","default"
185.893289,1.14485176404,"GTX-750","myocyte","3600","default"
630.188278,1.13430269559,"GTX-750","myocyte","3600","default"
17.34725,2.40097339948,"GTX-750","myocyte","7200","default"
48.38128,1.84810805321,"GTX-750","myocyte","7200","default"
112.758787,1.83452065786,"GTX-750","myocyte","7200","default"
133.153318,1.30045207342,"GTX-750","myocyte","7200","default"
200.213889,1.17994093895,"GTX-750","myocyte","7200","default"
351.468284,1.15227111181,"GTX-750","myocyte","7200","default"
708.083304,1.09967533747,"GTX-750","myocyte","7200","default"
787.385839,1.08341002464,"GTX-750","myocyte","7200","default"
1947.887613,1.0764532884,"GTX-750","myocyte","7200","default"
7045.492942,1.07256738345,"GTX-750","myocyte","7200","default"
4.890687,0.770717461904,"GTX-750","needle","7200","default"
19.266512,0.744499286016,"GTX-750","needle","7200","default"
476.903506,0.738135735194,"GTX-750","needle","7200","default"
3937.808226,0.737917264303,"GTX-750","needle","7200","default"
4187.840429,0.734878222148,"GTX-750","needle","7200","default"
4.890687,0.770717461904,"GTX-750","Needle","7200","default"
19.266512,0.744499286016,"GTX-750","Needle","7200","default"
476.903506,0.738135735194,"GTX-750","Needle","7200","default"
3937.808226,0.737917264303,"GTX-750","Needle","7200","default"
4187.840429,0.734878222148,"GTX-750","Needle","7200","default"
0.141567,9999,"GTX-750","ParticleFilterFloat","7200","50000"
0.14064,9999,"GTX-750","ParticleFilterNaive","7200","50000"
5.14258,0.844111442566,"GTX-750","Pathfinder","7200","default"
25.68952,0.831320762634,"GTX-750","Pathfinder","7200","default"
4091.745058,0.829764684041,"GTX-750","Pathfinder","7200","default"
16.267374,4.55216701825,"GTX-750","Quicksort","7200","65536"
48.906532,4.53529405594,"GTX-750","Quicksort","7200","65536"
130.042679,4.53004733721,"GTX-750","Quicksort","7200","65536"
146.271824,4.52647535006,"GTX-750","Quicksort","7200","65536"
262.947071,4.51201327642,"GTX-750","Quicksort","7200","65536"
379.007092,4.51109131177,"GTX-750","Quicksort","7200","65536"
1275.033735,4.50690372785,"GTX-750","Quicksort","7200","65536"
4176.167877,4.50574398041,"GTX-750","Quicksort","7200","65536"
5544.772108,4.50468468666,"GTX-750","Quicksort","7200","65536"
8.184638,9999,"GTX-750","SubSeqMax","7200","1073741824"
5.288299,0.881579399109,"GTX-750","VecAdd","7200","4194304"
10.491404,0.88117424647,"GTX-750","VecAdd","7200","4194304"
15.628042,0.877783060074,"GTX-750","VecAdd","7200","4194304"
25.918345,0.867868343989,"GTX-750","VecAdd","7200","4194304"
261.357907,0.855806986491,"GTX-750","VecAdd","7200","4194304"
323.80006,0.848037958145,"GTX-750","VecAdd","7200","4194304"
5.541259,0.898048321406,"GTX-750-outliers","heartwall","7200","default"
17.2107,0.898048321406,"GTX-750-outliers","heartwall","7200","default"
29.219365,0.88498878479,"GTX-750-outliers","heartwall","7200","default"
42.87804,0.883289893468,"GTX-750-outliers","heartwall","7200","default"
180.068829,0.878636757533,"GTX-750-outliers","heartwall","7200","default"
460.955078,0.877688884735,"GTX-750-outliers","heartwall","7200","default"
709.152354,0.877345005671,"GTX-750-outliers","heartwall","7200","default"
1323.560683,0.86759964625,"GTX-750-outliers","heartwall","7200","default"
7.715783,1.60246260961,"GTX-750-outliers","hotspot","7200","default"
91.856856,1.54404743512,"GTX-750-outliers","hotspot","7200","default"
151.44163,1.51202956835,"GTX-750-outliers","hotspot","7200","default"
286.832836,1.50451397896,"GTX-750-outliers","hotspot","7200","default"
638.648408,1.50367728869,"GTX-750-outliers","hotspot","7200","default"
683.344028,1.47013839086,"GTX-750-outliers","hotspot","7200","default"
4661.359195,1.44349273046,"GTX-750-outliers","hotspot","7200","default"
4934.256544,1.40854891141,"GTX-750-outliers","hotspot","7200","default"
0.594805,9999,"GTX-750-outliers","lavaMD","30","default"
9.168622,1.37373669942,"GTX-750-outliers","lavaMD","3600","default"
18.10739,1.36443201701,"GTX-750-outliers","lavaMD","3600","default"
63.639026,1.35054691633,"GTX-750-outliers","lavaMD","3600","default"
3070.677802,1.34987624486,"GTX-750-outliers","lavaMD","3600","default"
9.397197,1.37685990334,"GTX-750-outliers","lavaMD","3600","default"
27.727191,1.37261597315,"GTX-750-outliers","lavaMD","3600","default"
64.618901,1.36696592967,"GTX-750-outliers","lavaMD","3600","default"
120.270821,1.36114732424,"GTX-750-outliers","lavaMD","3600","default"
351.037833,1.35841194789,"GTX-750-outliers","lavaMD","3600","default"
912.860613,1.35066890717,"GTX-750-outliers","lavaMD","3600","default"
9.665032,1.42957695325,"GTX-750-outliers","lavaMD","7200","default"
19.070566,1.3734989961,"GTX-750-outliers","lavaMD","7200","default"
75.991825,1.36371270816,"GTX-750-outliers","lavaMD","7200","default"
1057.023032,1.3627076149,"GTX-750-outliers","lavaMD","7200","default"
1210.075848,1.35683997472,"GTX-750-outliers","lavaMD","7200","default"
2755.813778,1.356341362,"GTX-750-outliers","lavaMD","7200","default"
5990.702847,1.35576192538,"GTX-750-outliers","lavaMD","7200","default"
2.267068,0.332831859589,"GTX-680","MatMulGPU","3600","1024"
6.464029,0.328891992569,"GTX-680","MatMulGPU","3600","1024"
8.537104,0.327095985413,"GTX-680","MatMulGPU","3600","1024"
10.66108,0.323257923126,"GTX-680","MatMulGPU","3600","1024"
12.748744,0.321619033813,"GTX-680","MatMulGPU","3600","1024"
42.378009,0.321444034576,"GTX-680","MatMulGPU","3600","1024"
72.398785,0.320346832275,"GTX-680","MatMulGPU","3600","1024"
106.291326,0.319787025452,"GTX-680","MatMulGPU","3600","1024"
349.542608,0.318557024002,"GTX-680","MatMulGPU","3600","1024"
470.210196,0.313515901566,"GTX-680","MatMulGPU","3600","1024"
2.078347,9999,"GTX-680","MatMulGPU","3600","128"
5.920472,0.0970661640167,"GTX-680","MatMulGPU","3600","128"
7.757152,0.0847280025482,"GTX-680","MatMulGPU","3600","128"
9.563421,0.0587351322174,"GTX-680","MatMulGPU","3600","128"
25.926323,0.0542030334473,"GTX-680","MatMulGPU","3600","128"
532.436263,0.0518369674683,"GTX-680","MatMulGPU","3600","128"
1065.07446,0.0517740249634,"GTX-680","MatMulGPU","3600","128"
1104.251924,0.0513591766357,"GTX-680","MatMulGPU","3600","128"
1293.077876,0.0512220859528,"GTX-680","MatMulGPU","3600","128"
2.003,0.0833320617676,"GTX-680","MatMulGPU","3600","256"
3.851545,0.0817658901215,"GTX-680","MatMulGPU","3600","256"
5.719783,0.0781180858612,"GTX-680","MatMulGPU","3600","256"
7.59234,0.0722258090973,"GTX-680","MatMulGPU","3600","256"
26.073537,0.0696370601654,"GTX-680","MatMulGPU","3600","256"
35.382711,0.0684700012207,"GTX-680","MatMulGPU","3600","256"
50.182495,0.0674750804901,"GTX-680","MatMulGPU","3600","256"
114.992351,0.066841840744,"GTX-680","MatMulGPU","3600","256"
618.52441,0.066789150238,"GTX-680","MatMulGPU","3600","256"
678.000034,0.0639510154724,"GTX-680","MatMulGPU","3600","256"
2.175723,9999,"GTX-680","MatMulGPU","3600","512"
4.076664,0.129613876343,"GTX-680","MatMulGPU","3600","512"
7.841139,0.12891292572,"GTX-680","MatMulGPU","3600","512"
11.844159,0.126502037048,"GTX-680","MatMulGPU","3600","512"
25.074476,0.125847816467,"GTX-680","MatMulGPU","3600","512"
30.753636,0.123826026917,"GTX-680","MatMulGPU","3600","512"
40.291004,0.123652935028,"GTX-680","MatMulGPU","3600","512"
47.848706,0.123332023621,"GTX-680","MatMulGPU","3600","512"
49.717972,0.120895862579,"GTX-680","MatMulGPU","3600","512"
80.188207,0.120825052261,"GTX-680","MatMulGPU","3600","512"
108.877699,0.118279933929,"GTX-680","MatMulGPU","3600","512"
511.322373,0.118226051331,"GTX-680","MatMulGPU","3600","512"
1036.609105,0.115385055542,"GTX-680","MatMulGPU","3600","512"
2515.225379,0.114727973938,"GTX-680","MatMulGPU","3600","512"
2.545817,0.370917081833,"GTX-680","MatMulShared","3600","1024"
4.585274,0.336289167404,"GTX-680","MatMulShared","3600","1024"
6.598188,0.327596902847,"GTX-680","MatMulShared","3600","1024"
10.661795,0.325835943222,"GTX-680","MatMulShared","3600","1024"
14.768266,0.324500083923,"GTX-680","MatMulShared","3600","1024"
18.720155,0.316334009171,"GTX-680","MatMulShared","3600","1024"
138.966251,0.316150903702,"GTX-680","MatMulShared","3600","1024"
319.868968,0.315272092819,"GTX-680","MatMulShared","3600","1024"
1167.826467,0.314958095551,"GTX-680","MatMulShared","3600","1024"
1171.794785,0.314622879028,"GTX-680","MatMulShared","3600","1024"
1287.842506,0.313791036606,"GTX-680","MatMulShared","3600","1024"
5.022248,9999,"GTX-680","MatMulShared","3600","128"
20.760502,0.0982940196991,"GTX-680","MatMulShared","3600","128"
24.918357,0.0510489940643,"GTX-680","MatMulShared","3600","128"
682.167811,0.0509469509125,"GTX-680","MatMulShared","3600","128"
690.723355,0.0504441261292,"GTX-680","MatMulShared","3600","128"
762.943802,0.048113822937,"GTX-680","MatMulShared","3600","128"
1380.473889,0.0479528903961,"GTX-680","MatMulShared","3600","128"
1529.181672,0.0478491783142,"GTX-680","MatMulShared","3600","128"
2.032385,9999,"GTX-680","MatMulShared","3600","256"
7.501078,0.067727804184,"GTX-680","MatMulShared","3600","256"
11.084696,0.0670750141144,"GTX-680","MatMulShared","3600","256"
16.395297,0.0670440196991,"GTX-680","MatMulShared","3600","256"
19.89707,0.0628409385681,"GTX-680","MatMulShared","3600","256"
219.516219,0.0628349781036,"GTX-680","MatMulShared","3600","256"
1345.686691,0.0628061294556,"GTX-680","MatMulShared","3600","256"
1659.982103,0.0622980594635,"GTX-680","MatMulShared","3600","256"
3016.43208,0.0616388320923,"GTX-680","MatMulShared","3600","256"
1.987636,0.148279905319,"GTX-680","MatMulShared","3600","512"
3.839886,0.126101970673,"GTX-680","MatMulShared","3600","512"
5.715815,0.123612165451,"GTX-680","MatMulShared","3600","512"
7.533174,0.122899055481,"GTX-680","MatMulShared","3600","512"
11.705288,0.120533943176,"GTX-680","MatMulShared","3600","512"
13.52479,0.119189023972,"GTX-680","MatMulShared","3600","512"
15.327436,0.117594957352,"GTX-680","MatMulShared","3600","512"
22.552949,0.116027116776,"GTX-680","MatMulShared","3600","512"
1876.294283,0.115428209305,"GTX-680","MatMulShared","3600","512"
2.046755,0.108889102936,"GTX-680","MatMulSharedUn","3600","256"
3.92938,0.0943570137024,"GTX-680","MatMulSharedUn","3600","256"
11.452843,0.0915129184723,"GTX-680","MatMulSharedUn","3600","256"
24.455641,0.0907309055328,"GTX-680","MatMulSharedUn","3600","256"
31.947995,0.0901350975037,"GTX-680","MatMulSharedUn","3600","256"
50.885145,0.0871598720551,"GTX-680","MatMulSharedUn","3600","256"
264.473316,0.0867531299591,"GTX-680","MatMulSharedUn","3600","256"
324.858922,0.0865960121155,"GTX-680","MatMulSharedUn","3600","256"
376.025888,0.0856499671936,"GTX-680","MatMulSharedUn","3600","256"
476.40529,0.0835099220276,"GTX-680","MatMulSharedUn","3600","256"
3599.356547,0.0821242332458,"GTX-680","MatMulSharedUn","3600","256"
2.415105,0.472609996796,"GTX-680","MatMulUn","3600","1024"
4.68286,0.467427968979,"GTX-680","MatMulUn","3600","1024"
6.920424,0.459898948669,"GTX-680","MatMulUn","3600","1024"
9.017432,0.325140953064,"GTX-680","MatMulUn","3600","1024"
30.100313,0.324331998825,"GTX-680","MatMulUn","3600","1024"
36.561249,0.323889970779,"GTX-680","MatMulUn","3600","1024"
38.684926,0.32289814949,"GTX-680","MatMulUn","3600","1024"
49.399293,0.321096897125,"GTX-680","MatMulUn","3600","1024"
76.998867,0.319689035416,"GTX-680","MatMulUn","3600","1024"
117.23307,0.318996191025,"GTX-680","MatMulUn","3600","1024"
326.382363,0.318738937378,"GTX-680","MatMulUn","3600","1024"
389.98217,0.315335988998,"GTX-680","MatMulUn","3600","1024"
2.114052,9999,"GTX-680","MatMulUn","3600","128"
7.893749,0.085972070694,"GTX-680","MatMulUn","3600","128"
9.718612,0.0628941059113,"GTX-680","MatMulUn","3600","128"
13.359859,0.0606191158295,"GTX-680","MatMulUn","3600","128"
15.152135,0.0587048530579,"GTX-680","MatMulUn","3600","128"
20.602086,0.058082818985,"GTX-680","MatMulUn","3600","128"
70.272433,0.0561859607697,"GTX-680","MatMulUn","3600","128"
136.437369,0.0557470321655,"GTX-680","MatMulUn","3600","128"
163.967878,0.0546481609344,"GTX-680","MatMulUn","3600","128"
355.603727,0.0530698299408,"GTX-680","MatMulUn","3600","128"
390.488849,0.0519659519196,"GTX-680","MatMulUn","3600","128"
869.001122,0.0512888431549,"GTX-680","MatMulUn","3600","128"
2767.026996,0.0506129264832,"GTX-680","MatMulUn","3600","128"
1.967829,0.0782389640808,"GTX-680","MatMulUn","3600","256"
3.809846,0.0770089626312,"GTX-680","MatMulUn","3600","256"
13.041026,0.0755369663239,"GTX-680","MatMulUn","3600","256"
14.853642,0.0702180862427,"GTX-680","MatMulUn","3600","256"
18.467659,0.069864988327,"GTX-680","MatMulUn","3600","256"
44.376567,0.0682489871979,"GTX-680","MatMulUn","3600","256"
144.476906,0.0654611587524,"GTX-680","MatMulUn","3600","256"
823.96502,0.0647368431091,"GTX-680","MatMulUn","3600","256"
1781.873871,0.0629241466522,"GTX-680","MatMulUn","3600","256"
2.083917,0.160481929779,"GTX-680","MatMulUn","3600","512"
3.986024,0.127311944962,"GTX-680","MatMulUn","3600","512"
7.762836,0.125886201859,"GTX-680","MatMulUn","3600","512"
11.548407,0.122771024704,"GTX-680","MatMulUn","3600","512"
26.712025,0.120795965195,"GTX-680","MatMulUn","3600","512"
30.470392,0.119324922562,"GTX-680","MatMulUn","3600","512"
376.371266,0.118950128555,"GTX-680","MatMulUn","3600","512"
590.856742,0.118692874908,"GTX-680","MatMulUn","3600","512"
607.850878,0.118659973145,"GTX-680","MatMulUn","3600","512"
611.594514,0.118051052094,"GTX-680","MatMulUn","3600","512"
1792.346336,0.11763882637,"GTX-680","MatMulUn","3600","512"
2109.853683,0.117125034332,"GTX-680","MatMulUn","3600","512"
2111.749234,0.114173173904,"GTX-680","MatMulUn","3600","512"
4.869571,9999,"GTX-680","SubSeqMax","3600","1073741824"
2.593815,9999,"GTX-680","SubSeqMax","3600","134217728"
7.368179,0.591732025146,"GTX-680","SubSeqMax","3600","134217728"
9.731169,0.582020044327,"GTX-680","SubSeqMax","3600","134217728"
12.034293,0.497321128845,"GTX-680","SubSeqMax","3600","134217728"
14.331369,0.493860006332,"GTX-680","SubSeqMax","3600","134217728"
16.632698,0.49319601059,"GTX-680","SubSeqMax","3600","134217728"
493.12152,0.492869138718,"GTX-680","SubSeqMax","3600","134217728"
700.418372,0.489575147629,"GTX-680","SubSeqMax","3600","134217728"
1080.710743,0.488023996353,"GTX-680","SubSeqMax","3600","134217728"
1403.35539,0.48689198494,"GTX-680","SubSeqMax","3600","134217728"
3.059508,1.13392210007,"GTX-680","SubSeqMax","3600","268435456"
5.870191,1.09983801842,"GTX-680","SubSeqMax","3600","268435456"
8.772802,1.09963202477,"GTX-680","SubSeqMax","3600","268435456"
11.400121,0.927958965302,"GTX-680","SubSeqMax","3600","268435456"
14.304945,0.927849054337,"GTX-680","SubSeqMax","3600","268435456"
97.419964,0.924426078796,"GTX-680","SubSeqMax","3600","268435456"
674.838215,0.923621892929,"GTX-680","SubSeqMax","3600","268435456"
1840.975636,0.923134088516,"GTX-680","SubSeqMax","3600","268435456"
2.153247,0.199272871017,"GTX-680","SubSeqMax","3600","33554432"
4.152173,0.191091060638,"GTX-680","SubSeqMax","3600","33554432"
6.346607,0.185534954071,"GTX-680","SubSeqMax","3600","33554432"
18.32708,0.178838968277,"GTX-680","SubSeqMax","3600","33554432"
24.20737,0.170433998108,"GTX-680","SubSeqMax","3600","33554432"
36.075423,0.167575120926,"GTX-680","SubSeqMax","3600","33554432"
111.461176,0.165426969528,"GTX-680","SubSeqMax","3600","33554432"
129.412271,0.164484024048,"GTX-680","SubSeqMax","3600","33554432"
947.678077,0.163964986801,"GTX-680","SubSeqMax","3600","33554432"
1283.778481,0.162051916122,"GTX-680","SubSeqMax","3600","33554432"
3299.523258,0.15870308876,"GTX-680","SubSeqMax","3600","33554432"
3.524395,9999,"GTX-680","SubSeqMax","3600","536870912"
20.179157,1.4524409771,"GTX-680","SubSeqMax","3600","536870912"
43.946687,1.44835591316,"GTX-680","SubSeqMax","3600","536870912"
53.952231,1.4465110302,"GTX-680","SubSeqMax","3600","536870912"
57.210588,1.43843102455,"GTX-680","SubSeqMax","3600","536870912"
2.26023,0.337025880814,"GTX-680","SubSeqMax","3600","67108864"
4.322541,0.287472009659,"GTX-680","SubSeqMax","3600","67108864"
6.625809,0.285892963409,"GTX-680","SubSeqMax","3600","67108864"
10.82888,0.277679920197,"GTX-680","SubSeqMax","3600","67108864"
36.37429,0.276282072067,"GTX-680","SubSeqMax","3600","67108864"
40.574328,0.274400949478,"GTX-680","SubSeqMax","3600","67108864"
103.504952,0.274184942245,"GTX-680","SubSeqMax","3600","67108864"
270.771382,0.273725986481,"GTX-680","SubSeqMax","3600","67108864"
325.131226,0.273662805557,"GTX-680","SubSeqMax","3600","67108864"
619.144512,0.268508911133,"GTX-680","SubSeqMax","3600","67108864"
2273.758595,0.264476060867,"GTX-680","SubSeqMax","3600","67108864"
14.596293,2.99414229393,"Tesla-K40","b+tree","3600","default"
28.369758,2.99380429586,"Tesla-K40","b+tree","3600","default"
42.267878,2.97531604767,"Tesla-K40","b+tree","3600","default"
276.319305,2.97319936752,"Tesla-K40","b+tree","3600","default"
395.233172,2.97261269887,"Tesla-K40","b+tree","3600","default"
1405.167391,2.97250962257,"Tesla-K40","b+tree","3600","default"
1564.785908,2.96890735626,"Tesla-K40","b+tree","3600","default"
3339.497632,2.96017162005,"Tesla-K40","b+tree","3600","default"
14.645849,2.97208539645,"Tesla-K40","b+tree","3600","default"
1239.713788,2.97059265773,"Tesla-K40","b+tree","3600","default"
1858.262646,2.96887405713,"Tesla-K40","b+tree","3600","default"
3192.436904,2.96206235886,"Tesla-K40","b+tree","3600","default"
0.650278,9999,"Tesla-K40","b+tree","7200","default"
35.291544,2.97211933136,"Tesla-K40","b+tree","7200","default"
49.026825,2.970814387,"Tesla-K40","b+tree","7200","default"
118.965836,2.96901869774,"Tesla-K40","b+tree","7200","default"
211.319199,2.96566637357,"Tesla-K40","b+tree","7200","default"
4517.237412,2.96112362544,"Tesla-K40","b+tree","7200","default"
7.930233,1.99988365173,"Tesla-K40","backprop","3600","default"
15.63702,1.99165431658,"Tesla-K40","backprop","3600","default"
25.08702,1.98984400431,"Tesla-K40","backprop","3600","default"
328.353383,1.98983263969,"Tesla-K40","backprop","3600","default"
451.403215,1.98960200946,"Tesla-K40","backprop","3600","default"
467.558113,1.98951069514,"Tesla-K40","backprop","3600","default"
477.229742,1.98907001813,"Tesla-K40","backprop","3600","default"
1333.51123,1.98894929886,"Tesla-K40","backprop","3600","default"
1663.187375,1.9888010025,"Tesla-K40","backprop","3600","default"
8.266604,1.99155171712,"Tesla-K40","backprop","3600","default"
47.076529,1.99087063471,"Tesla-K40","backprop","3600","default"
70.250514,1.99064334234,"Tesla-K40","backprop","3600","default"
120.505173,1.99036463102,"Tesla-K40","backprop","3600","default"
161.566359,1.98946062724,"Tesla-K40","backprop","3600","default"
314.364161,1.98941532771,"Tesla-K40","backprop","3600","default"
499.213193,1.98911126455,"Tesla-K40","backprop","3600","default"
622.015463,1.98872860273,"Tesla-K40","backprop","3600","default"
3.855208,9999,"Tesla-K40","backprop","7200","default"
16.791342,1.99237465858,"Tesla-K40","backprop","7200","default"
62.807719,1.99041207631,"Tesla-K40","backprop","7200","default"
116.553177,1.98994040489,"Tesla-K40","backprop","7200","default"
239.074766,1.98990805944,"Tesla-K40","backprop","7200","default"
309.261354,1.9898352623,"Tesla-K40","backprop","7200","default"
362.993615,1.98871469498,"Tesla-K40","backprop","7200","default"
3.84024,9999,"Tesla-K40","bfs","3600","default"
11.298114,1.98612062136,"Tesla-K40","bfs","3600","default"
18.790425,1.97743479411,"Tesla-K40","bfs","3600","default"
26.378864,1.96728873253,"Tesla-K40","bfs","3600","default"
210.04549,1.96727967262,"Tesla-K40","bfs","3600","default"
330.282387,1.96617897352,"Tesla-K40","bfs","3600","default"
582.499828,1.9652736187,"Tesla-K40","bfs","3600","default"
3.895089,9999,"Tesla-K40","bfs","3600","default"
18.472505,1.97338740031,"Tesla-K40","bfs","3600","default"
33.332769,1.96720528603,"Tesla-K40","bfs","3600","default"
112.878596,1.96517634392,"Tesla-K40","bfs","3600","default"
7.538453,1.97441562017,"Tesla-K40","bfs","7200","default"
22.430837,1.97098875046,"Tesla-K40","bfs","7200","default"
122.489998,1.96872361501,"Tesla-K40","bfs","7200","default"
345.145333,1.96860734622,"Tesla-K40","bfs","7200","default"
482.508983,1.96700501442,"Tesla-K40","bfs","7200","default"
2586.65088,1.96698260307,"Tesla-K40","bfs","7200","default"
5497.595577,1.96606508891,"Tesla-K40","bfs","7200","default"
5871.67128,1.96553730965,"Tesla-K40","bfs","7200","default"
7.894237,2.10540358226,"Tesla-K40","Bitonic","7200","4194304"
31.176297,2.09761675199,"Tesla-K40","Bitonic","7200","4194304"
124.843863,2.09602673848,"Tesla-K40","Bitonic","7200","4194304"
155.975124,2.09351563454,"Tesla-K40","Bitonic","7200","4194304"
187.190492,2.09207606316,"Tesla-K40","Bitonic","7200","4194304"
234.050265,2.09179441134,"Tesla-K40","Bitonic","7200","4194304"
381.865762,2.09172431628,"Tesla-K40","Bitonic","7200","4194304"
779.093375,2.09061694145,"Tesla-K40","Bitonic","7200","4194304"
2183.679033,2.09058268865,"Tesla-K40","Bitonic","7200","4194304"
17.509474,5.02434937159,"Tesla-K40","gaussian","3600","default"
35.065528,4.12873999278,"Tesla-K40","gaussian","3600","default"
79.224509,4.00677196185,"Tesla-K40","gaussian","3600","default"
124.397171,4.00227395693,"Tesla-K40","gaussian","3600","default"
567.418645,3.99320602417,"Tesla-K40","gaussian","3600","default"
584.593473,3.98670466741,"Tesla-K40","gaussian","3600","default"
639.310814,3.98441163699,"Tesla-K40","gaussian","3600","default"
838.767388,3.98181144396,"Tesla-K40","gaussian","3600","default"
1326.482044,3.97842446963,"Tesla-K40","gaussian","3600","default"
14.385375,4.1739397049,"Tesla-K40","gaussian","3600","default"
28.444679,4.15762996674,"Tesla-K40","gaussian","3600","default"
42.329812,4.12020103137,"Tesla-K40","gaussian","3600","default"
117.828683,4.11609172821,"Tesla-K40","gaussian","3600","default"
160.63396,3.98524332047,"Tesla-K40","gaussian","3600","default"
320.322566,3.98356993993,"Tesla-K40","gaussian","3600","default"
733.562639,3.98070295652,"Tesla-K40","gaussian","3600","default"
2537.369356,3.98031934102,"Tesla-K40","gaussian","3600","default"
2745.211622,3.97736565272,"Tesla-K40","gaussian","3600","default"
13.751579,4.01814572016,"Tesla-K40","gaussian","7200","default"
60.670904,4.00699162483,"Tesla-K40","gaussian","7200","default"
375.206853,4.00381143888,"Tesla-K40","gaussian","7200","default"
402.279773,3.98932631811,"Tesla-K40","gaussian","7200","default"
429.445682,3.98910776774,"Tesla-K40","gaussian","7200","default"
442.898191,3.98097729683,"Tesla-K40","gaussian","7200","default"
1118.500686,3.97794103622,"Tesla-K40","gaussian","7200","default"
2439.373017,3.97660501798,"Tesla-K40","gaussian","7200","default"
10.232731,2.69208407402,"Tesla-K40","heartwall-new","60","default"
34.594218,2.33288470904,"Tesla-K40","heartwall-new","60","default"
43.590442,2.32211740812,"Tesla-K40","heartwall-new","60","default"
52.370722,2.30792339643,"Tesla-K40","heartwall-new","60","default"
9.008964,2.35450895627,"Tesla-K40","heartwall-new","7200","default"
69.915977,2.34715533257,"Tesla-K40","heartwall-new","7200","default"
83.316339,2.34045171738,"Tesla-K40","heartwall-new","7200","default"
117.551865,2.33813134829,"Tesla-K40","heartwall-new","7200","default"
135.511869,2.33686939875,"Tesla-K40","heartwall-new","7200","default"
232.549561,2.32680066427,"Tesla-K40","heartwall-new","7200","default"
432.02348,2.31025664012,"Tesla-K40","heartwall-new","7200","default"
676.917377,2.3083439668,"Tesla-K40","heartwall-new","7200","default"
712.815131,2.30706564585,"Tesla-K40","heartwall-new","7200","default"
748.427393,2.30435999235,"Tesla-K40","heartwall-new","7200","default"
870.63492,2.3038260142,"Tesla-K40","heartwall-new","7200","default"
4660.254539,2.30174605052,"Tesla-K40","heartwall-new","7200","default"
4669.016667,2.30080366135,"Tesla-K40","heartwall-new","7200","default"
4677.761042,2.2987370491,"Tesla-K40","heartwall-new","7200","default"
5705.568571,2.29812200864,"Tesla-K40","heartwall-new","7200","default"
5.070027,9999,"Tesla-K40","heartwall-original","3600","default"
14.705198,2.54874126116,"Tesla-K40","heartwall-original","3600","default"
24.294639,2.5392657121,"Tesla-K40","heartwall-original","3600","default"
98.888861,2.0636537075,"Tesla-K40","heartwall-original","3600","default"
122.324668,2.06160569191,"Tesla-K40","heartwall-original","3600","default"
217.632011,2.06035606066,"Tesla-K40","heartwall-original","3600","default"
236.684098,2.05864143372,"Tesla-K40","heartwall-original","3600","default"
341.993242,2.05806700389,"Tesla-K40","heartwall-original","3600","default"
1391.64549,2.05770730972,"Tesla-K40","heartwall-original","3600","default"
2317.129166,2.0553179582,"Tesla-K40","heartwall-original","3600","default"
9.227587,2.06550502777,"Tesla-K40","heartwall-original","3600","default"
75.260052,2.06098802884,"Tesla-K40","heartwall-original","3600","default"
83.519798,2.05998102824,"Tesla-K40","heartwall-original","3600","default"
143.544112,2.05954178174,"Tesla-K40","heartwall-original","3600","default"
228.775745,2.05942376455,"Tesla-K40","heartwall-original","3600","default"
255.192636,2.058929046,"Tesla-K40","heartwall-original","3600","default"
509.296693,2.05685655276,"Tesla-K40","heartwall-original","3600","default"
887.529466,2.05504131317,"Tesla-K40","heartwall-original","3600","default"
4.814717,9999,"Tesla-K40","heartwall-original","7200","default"
14.390986,2.6040037473,"Tesla-K40","heartwall-original","7200","default"
22.466606,2.07498788834,"Tesla-K40","heartwall-original","7200","default"
34.93033,2.05860630671,"Tesla-K40","heartwall-original","7200","default"
483.90013,2.05846492449,"Tesla-K40","heartwall-original","7200","default"
535.607795,2.05709767342,"Tesla-K40","heartwall-original","7200","default"
9.019747,2.34213463465,"Tesla-K40","heartwall","7200","default"
108.081241,2.3268049558,"Tesla-K40","heartwall","7200","default"
133.446889,2.32192873955,"Tesla-K40","heartwall","7200","default"
278.218332,2.31891004244,"Tesla-K40","heartwall","7200","default"
332.815756,2.31101202965,"Tesla-K40","heartwall","7200","default"
350.659916,2.31003101667,"Tesla-K40","heartwall","7200","default"
582.094801,2.30952620506,"Tesla-K40","heartwall","7200","default"
617.9552,2.30834658941,"Tesla-K40","heartwall","7200","default"
768.215575,2.30357289314,"Tesla-K40","heartwall","7200","default"
866.343135,2.30139867465,"Tesla-K40","heartwall","7200","default"
2465.350252,2.30049093564,"Tesla-K40","heartwall","7200","default"
2866.925753,2.30011431376,"Tesla-K40","heartwall","7200","default"
5672.27408,2.29874356588,"Tesla-K40","heartwall","7200","default"
8.773103,2.29471556346,"Tesla-K40","hotspot","3600","default"
17.27144,2.25533699989,"Tesla-K40","hotspot","3600","default"
480.48794,2.25514364243,"Tesla-K40","hotspot","3600","default"
9.09134,2.25762804349,"Tesla-K40","hotspot","3600","default"
114.881941,2.25642633438,"Tesla-K40","hotspot","3600","default"
299.502944,2.25488440196,"Tesla-K40","hotspot","3600","default"
8.422353,2.28205068906,"Tesla-K40","hotspot","7200","default"
20.455371,2.26765926679,"Tesla-K40","hotspot","7200","default"
28.698811,2.2646402518,"Tesla-K40","hotspot","7200","default"
131.327103,2.26402131716,"Tesla-K40","hotspot","7200","default"
205.236058,2.26168632507,"Tesla-K40","hotspot","7200","default"
354.455082,2.26029499372,"Tesla-K40","hotspot","7200","default"
412.540049,2.25519665082,"Tesla-K40","hotspot","7200","default"
697.685477,2.25429622332,"Tesla-K40","hotspot","7200","default"
1024.83545,2.25292197863,"Tesla-K40","hotspot","7200","default"
4605.067696,2.25259868304,"Tesla-K40","hotspot","7200","default"
5854.867459,2.25206375122,"Tesla-K40","hotspot","7200","default"
6253.916005,2.25189439456,"Tesla-K40","hotspot","7200","default"
11.149644,2.88156763713,"Tesla-K40","kmeans","3600","default"
137.527792,2.87793596586,"Tesla-K40","kmeans","3600","default"
415.831528,2.87725464503,"Tesla-K40","kmeans","3600","default"
491.122549,2.87598959605,"Tesla-K40","kmeans","3600","default"
3.09459,9999,"Tesla-K40","kmeans","3600","default"
26.021017,2.8930785656,"Tesla-K40","kmeans","3600","default"
37.136959,2.88183196386,"Tesla-K40","kmeans","3600","default"
58.240024,2.87894598643,"Tesla-K40","kmeans","3600","default"
404.847365,2.87682994207,"Tesla-K40","kmeans","3600","default"
643.316165,2.8765027523,"Tesla-K40","kmeans","3600","default"
2512.662387,2.87589979172,"Tesla-K40","kmeans","3600","default"
2614.763207,2.87588000298,"Tesla-K40","kmeans","3600","default"
2882.740331,2.8758234183,"Tesla-K40","kmeans","3600","default"
10.533781,2.88549820582,"Tesla-K40","kmeans","7200","default"
43.424866,2.8815917174,"Tesla-K40","kmeans","7200","default"
62.774384,2.87976463636,"Tesla-K40","kmeans","7200","default"
182.252104,2.87810532252,"Tesla-K40","kmeans","7200","default"
192.536154,2.87738196055,"Tesla-K40","kmeans","7200","default"
1494.097977,2.87483263016,"Tesla-K40","kmeans","7200","default"
2635.222967,2.87396232287,"Tesla-K40","kmeans","7200","default"
3449.1551,2.87342000008,"Tesla-K40","kmeans","7200","default"
3957.749998,2.87314939499,"Tesla-K40","kmeans","7200","default"
5601.320312,2.87305466334,"Tesla-K40","kmeans","7200","default"
10.637609,2.07774670919,"Tesla-K40","lavaMD-original","3600","default"
29.433616,2.07130599022,"Tesla-K40","lavaMD-original","3600","default"
48.517345,2.07015101115,"Tesla-K40","lavaMD-original","3600","default"
1272.246867,2.07000255585,"Tesla-K40","lavaMD-original","3600","default"
9.716434,2.07448069255,"Tesla-K40","lavaMD-original","3600","default"
48.349987,2.07363526026,"Tesla-K40","lavaMD-original","3600","default"
57.678487,2.07289330165,"Tesla-K40","lavaMD-original","3600","default"
76.761474,2.07253869375,"Tesla-K40","lavaMD-original","3600","default"
115.162949,2.07208903631,"Tesla-K40","lavaMD-original","3600","default"
279.751733,2.07170502345,"Tesla-K40","lavaMD-original","3600","default"
327.73317,2.07088104884,"Tesla-K40","lavaMD-original","3600","default"
480.209669,2.07027467092,"Tesla-K40","lavaMD-original","3600","default"
1544.058981,2.06982294718,"Tesla-K40","lavaMD-original","3600","default"
1714.951361,2.0693880717,"Tesla-K40","lavaMD-original","3600","default"
3457.695988,2.06920234362,"Tesla-K40","lavaMD-original","3600","default"
9.846868,2.09599335988,"Tesla-K40","lavaMD-original","7200","default"
19.092171,2.07195162773,"Tesla-K40","lavaMD-original","7200","default"
47.099142,2.07162801425,"Tesla-K40","lavaMD-original","7200","default"
392.221219,2.07144037882,"Tesla-K40","lavaMD-original","7200","default"
504.1293,2.07132267952,"Tesla-K40","lavaMD-original","7200","default"
1520.565994,2.07107075055,"Tesla-K40","lavaMD-original","7200","default"
3143.442797,2.07057499886,"Tesla-K40","lavaMD-original","7200","default"
9.674077,2.08092665672,"Tesla-K40","lavaMD","7200","default"
19.438895,2.07191069921,"Tesla-K40","lavaMD","7200","default"
199.94321,2.07138403257,"Tesla-K40","lavaMD","7200","default"
209.322104,2.07060432434,"Tesla-K40","lavaMD","7200","default"
2848.334469,2.06787268321,"Tesla-K40","lavaMD","7200","default"
9.919935,2.08924333254,"Tesla-K40","lavaMD","7200","default"
19.734613,2.08049074809,"Tesla-K40","lavaMD","7200","default"
38.469036,2.07748905818,"Tesla-K40","lavaMD","7200","default"
48.094745,2.07716671626,"Tesla-K40","lavaMD","7200","default"
57.487668,2.07598598798,"Tesla-K40","lavaMD","7200","default"
105.06967,2.07419164975,"Tesla-K40","lavaMD","7200","default"
218.444902,2.0724263986,"Tesla-K40","lavaMD","7200","default"
1480.179888,2.07207234701,"Tesla-K40","lavaMD","7200","default"
2767.270882,2.07102592786,"Tesla-K40","lavaMD","7200","default"
3945.733092,2.07088406881,"Tesla-K40","lavaMD","7200","default"
9.433596,2.00157777468,"Tesla-K40","lud","3600","default"
18.418904,1.99114942551,"Tesla-K40","lud","3600","default"
36.588797,1.98892871539,"Tesla-K40","lud","3600","default"
87.987784,1.988814195,"Tesla-K40","lud","3600","default"
152.416139,1.98850957553,"Tesla-K40","lud","3600","default"
369.046979,1.98810529709,"Tesla-K40","lud","3600","default"
1684.223151,1.98758967717,"Tesla-K40","lud","3600","default"
2102.900111,1.9818324248,"Tesla-K40","lud","3600","default"
9.490042,2.00004243851,"Tesla-K40","lud","3600","default"
18.6416,1.9922413826,"Tesla-K40","lud","3600","default"
36.890823,1.99075659116,"Tesla-K40","lud","3600","default"
64.278672,1.98995335897,"Tesla-K40","lud","3600","default"
198.495789,1.98922689756,"Tesla-K40","lud","3600","default"
393.090027,1.98891067505,"Tesla-K40","lud","3600","default"
503.697293,1.98862830798,"Tesla-K40","lud","3600","default"
680.574766,1.98826869329,"Tesla-K40","lud","3600","default"
1349.717834,1.98779519399,"Tesla-K40","lud","3600","default"
9.164986,2.00014074643,"Tesla-K40","lud","7200","default"
18.237378,1.99907501539,"Tesla-K40","lud","7200","default"
27.20529,1.99649397532,"Tesla-K40","lud","7200","default"
54.362901,1.99210699399,"Tesla-K40","lud","7200","default"
104.686009,1.99030598005,"Tesla-K40","lud","7200","default"
195.088913,1.98903536797,"Tesla-K40","lud","7200","default"
717.847716,1.9890200297,"Tesla-K40","lud","7200","default"
822.319229,1.98790097237,"Tesla-K40","lud","7200","default"
48.086922,15.4993282954,"Tesla-K40","MatMulGPU","7200","8192"
1161.44513,13.2102266947,"Tesla-K40","MatMulGPU","7200","8192"
1659.611578,13.1878364086,"Tesla-K40","MatMulGPU","7200","8192"
1925.691624,13.159348011,"Tesla-K40","MatMulGPU","7200","8192"
27.810682,8.72206703822,"Tesla-K40","MatMulShared","7200","8192"
55.361306,8.69545030594,"Tesla-K40","MatMulShared","7200","8192"
77.807549,6.93010743459,"Tesla-K40","MatMulShared","7200","8192"
124.592827,6.89568996429,"Tesla-K40","MatMulShared","7200","8192"
220.913434,6.89091595014,"Tesla-K40","MatMulShared","7200","8192"
242.960096,6.86706407865,"Tesla-K40","MatMulShared","7200","8192"
381.376834,6.86447699865,"Tesla-K40","MatMulShared","7200","8192"
1086.172672,6.86040210724,"Tesla-K40","MatMulShared","7200","8192"
39.684221,12.6716312567,"Tesla-K40","MatMulSharedUn","7200","8192"
376.361805,12.6559677124,"Tesla-K40","MatMulSharedUn","7200","8192"
1723.643149,12.6551606655,"Tesla-K40","MatMulSharedUn","7200","8192"
2689.147738,12.6529533068,"Tesla-K40","MatMulSharedUn","7200","8192"
178.999263,59.1353452206,"Tesla-K40","MatMulUn","7200","8192"
357.327083,58.9086353779,"Tesla-K40","MatMulUn","7200","8192"
535.22925,58.63530159,"Tesla-K40","MatMulUn","7200","8192"
2127.405016,58.6233212948,"Tesla-K40","MatMulUn","7200","8192"
3039.533762,56.5511613687,"Tesla-K40","MatMulUn","7200","8192"
14.923459,3.0742922624,"Tesla-K40","myocyte","3600","default"
29.145231,2.97480599085,"Tesla-K40","myocyte","3600","default"
42.047686,2.30339495341,"Tesla-K40","myocyte","3600","default"
83.612743,2.29224395752,"Tesla-K40","myocyte","3600","default"
541.376727,2.29001561801,"Tesla-K40","myocyte","3600","default"
920.312179,2.28863430023,"Tesla-K40","myocyte","3600","default"
2080.769485,2.28619798024,"Tesla-K40","myocyte","3600","default"
2192.845841,2.2842883269,"Tesla-K40","myocyte","3600","default"
2246.463108,2.28370189667,"Tesla-K40","myocyte","3600","default"
2694.318657,2.28361026446,"Tesla-K40","myocyte","3600","default"
2801.61536,2.27994092306,"Tesla-K40","myocyte","3600","default"
13.029155,2.37156867981,"Tesla-K40","myocyte","3600","default"
160.892045,2.30756338437,"Tesla-K40","myocyte","3600","default"
202.835657,2.3066213131,"Tesla-K40","myocyte","3600","default"
301.285494,2.30377666155,"Tesla-K40","myocyte","3600","default"
8.577289,9999,"Tesla-K40","myocyte","7200","default"
68.415209,2.8428059419,"Tesla-K40","myocyte","7200","default"
107.421252,2.38778758049,"Tesla-K40","myocyte","7200","default"
166.207066,2.38728086154,"Tesla-K40","myocyte","7200","default"
196.886792,2.38469076157,"Tesla-K40","myocyte","7200","default"
208.77276,2.37982122103,"Tesla-K40","myocyte","7200","default"
232.761689,2.37937895457,"Tesla-K40","myocyte","7200","default"
523.556698,2.31058430672,"Tesla-K40","myocyte","7200","default"
549.956871,2.30794509252,"Tesla-K40","myocyte","7200","default"
634.272246,2.30098525683,"Tesla-K40","myocyte","7200","default"
835.675175,2.29760964712,"Tesla-K40","myocyte","7200","default"
2799.352273,2.29720203082,"Tesla-K40","myocyte","7200","default"
2858.755964,2.29643464088,"Tesla-K40","myocyte","7200","default"
3586.946029,2.29601025581,"Tesla-K40","myocyte","7200","default"
7.754572,2.00528359413,"Tesla-K40","needle","7200","default"
53.479962,2.00110252698,"Tesla-K40","needle","7200","default"
580.16254,2.00056926409,"Tesla-K40","needle","7200","default"
818.526283,1.57441798846,"Tesla-K40","needle","7200","default"
0.16762,9999,"Tesla-K40","ParticleFilterFloat","7200","50000"
0.164904,9999,"Tesla-K40","ParticleFilterNaive","7200","50000"
7.286001,1.88551298777,"Tesla-K40","Pathfinder","7200","10000000"
14.38016,1.87234600385,"Tesla-K40","Pathfinder","7200","10000000"
377.607645,1.87225270271,"Tesla-K40","Pathfinder","7200","10000000"
406.191207,1.87213007609,"Tesla-K40","Pathfinder","7200","10000000"
1397.691753,1.87173906962,"Tesla-K40","Pathfinder","7200","10000000"
1746.580078,1.87150931358,"Tesla-K40","Pathfinder","7200","10000000"
4514.175134,1.87125531832,"Tesla-K40","Pathfinder","7200","10000000"
7.286001,1.88551298777,"Tesla-K40","Pathfinder","7200","default"
14.38016,1.87234600385,"Tesla-K40","Pathfinder","7200","default"
377.607645,1.87225270271,"Tesla-K40","Pathfinder","7200","default"
406.191207,1.87213007609,"Tesla-K40","Pathfinder","7200","default"
1397.691753,1.87173906962,"Tesla-K40","Pathfinder","7200","default"
1746.580078,1.87150931358,"Tesla-K40","Pathfinder","7200","default"
4514.175134,1.87125531832,"Tesla-K40","Pathfinder","7200","default"
16.248632,4.8814719518,"Tesla-K40","Quicksort","7200","65536"
32.293071,4.85734025637,"Tesla-K40","Quicksort","7200","65536"
48.428167,4.85553399722,"Tesla-K40","Quicksort","7200","65536"
64.38481,4.84575422605,"Tesla-K40","Quicksort","7200","65536"
173.759945,4.84301630656,"Tesla-K40","Quicksort","7200","65536"
300.248434,4.8321146965,"Tesla-K40","Quicksort","7200","65536"
2333.358333,4.82768241564,"Tesla-K40","Quicksort","7200","65536"
5380.350243,4.79786928495,"Tesla-K40","Quicksort","7200","65536"
19.909457,6.08189972242,"Tesla-K40","SubSeqMax","7200","1073741824"
461.933373,6.08189193408,"Tesla-K40","SubSeqMax","7200","1073741824"
6245.316568,6.08123898506,"Tesla-K40","SubSeqMax","7200","1073741824"
7.811496,2.07905769348,"Tesla-K40","VecAdd","7200","4194304"
15.471942,2.07283465068,"Tesla-K40","VecAdd","7200","4194304"
30.771859,2.07088247935,"Tesla-K40","VecAdd","7200","4194304"
61.553647,2.06676705678,"Tesla-K40","VecAdd","7200","4194304"
153.890995,2.0612227122,"Tesla-K40","VecAdd","7200","4194304"
592.874092,2.06102267901,"Tesla-K40","VecAdd","7200","4194304"
3.883607,9999,"Tesla-K40-nvcc65","Bitonic","3600","1048576"
45.523138,2.00571084023,"Tesla-K40-nvcc65","Bitonic","3600","1048576"
87.445177,2.00312867165,"Tesla-K40-nvcc65","Bitonic","3600","1048576"
171.301768,2.00233197212,"Tesla-K40-nvcc65","Bitonic","3600","1048576"
342.547845,2.00078237057,"Tesla-K40-nvcc65","Bitonic","3600","1048576"
1622.801349,2.0004317522,"Tesla-K40-nvcc65","Bitonic","3600","1048576"
3.833956,9999,"Tesla-K40-nvcc65","Bitonic","3600","2097152"
46.05781,2.03657454252,"Tesla-K40-nvcc65","Bitonic","3600","2097152"
131.113802,2.03359661102,"Tesla-K40-nvcc65","Bitonic","3600","2097152"
177.152678,2.03228650093,"Tesla-K40-nvcc65","Bitonic","3600","2097152"
733.821493,2.03220779896,"Tesla-K40-nvcc65","Bitonic","3600","2097152"
861.58953,2.03118275404,"Tesla-K40-nvcc65","Bitonic","3600","2097152"
41.316331,1.97681941986,"Tesla-K40-nvcc65","Bitonic","3600","262144"
86.09598,1.97590200901,"Tesla-K40-nvcc65","Bitonic","3600","262144"
251.623342,1.97575073242,"Tesla-K40-nvcc65","Bitonic","3600","262144"
1416.395374,1.9747795105,"Tesla-K40-nvcc65","Bitonic","3600","262144"
1917.411901,1.97359926701,"Tesla-K40-nvcc65","Bitonic","3600","262144"
3.883357,9999,"Tesla-K40-nvcc65","Bitonic","3600","4194304"
48.142889,2.1343010664,"Tesla-K40-nvcc65","Bitonic","3600","4194304"
95.721226,2.10745034218,"Tesla-K40-nvcc65","Bitonic","3600","4194304"
139.53417,2.10430165529,"Tesla-K40-nvcc65","Bitonic","3600","4194304"
227.181988,2.09839038849,"Tesla-K40-nvcc65","Bitonic","3600","4194304"
402.116922,2.09550242424,"Tesla-K40-nvcc65","Bitonic","3600","4194304"
1912.667306,2.0953599453,"Tesla-K40-nvcc65","Bitonic","3600","4194304"
2443.146163,2.09423712492,"Tesla-K40-nvcc65","Bitonic","3600","4194304"
3.705205,9999,"Tesla-K40-nvcc65","Bitonic","3600","524288"
48.46429,1.98649801016,"Tesla-K40-nvcc65","Bitonic","3600","524288"
131.518305,1.98589354753,"Tesla-K40-nvcc65","Bitonic","3600","524288"
172.891068,1.98362122774,"Tesla-K40-nvcc65","Bitonic","3600","524288"
45.486162,2.20817843676,"Tesla-K40-nvcc65","MatMulGPU","3600","1024"
182.00455,2.20411661863,"Tesla-K40-nvcc65","MatMulGPU","3600","1024"
412.98912,2.20380096436,"Tesla-K40-nvcc65","MatMulGPU","3600","1024"
821.981508,2.20374884605,"Tesla-K40-nvcc65","MatMulGPU","3600","1024"
1231.614407,2.20117359161,"Tesla-K40-nvcc65","MatMulGPU","3600","1024"
40.596521,1.96161623001,"Tesla-K40-nvcc65","MatMulGPU","3600","128"
81.101506,1.95970888138,"Tesla-K40-nvcc65","MatMulGPU","3600","128"
249.435595,1.95760515928,"Tesla-K40-nvcc65","MatMulGPU","3600","128"
2253.670495,1.95738521814,"Tesla-K40-nvcc65","MatMulGPU","3600","128"
3185.964936,1.9570554018,"Tesla-K40-nvcc65","MatMulGPU","3600","128"
3469.455217,1.95485304594,"Tesla-K40-nvcc65","MatMulGPU","3600","128"
40.68492,1.97008974552,"Tesla-K40-nvcc65","MatMulGPU","3600","256"
122.191103,1.96638810635,"Tesla-K40-nvcc65","MatMulGPU","3600","256"
3073.289138,1.96216931343,"Tesla-K40-nvcc65","MatMulGPU","3600","256"
41.681389,2.01984100342,"Tesla-K40-nvcc65","MatMulGPU","3600","512"
83.333877,2.01684119701,"Tesla-K40-nvcc65","MatMulGPU","3600","512"
208.4568,2.01666256189,"Tesla-K40-nvcc65","MatMulGPU","3600","512"
381.557231,2.01540547609,"Tesla-K40-nvcc65","MatMulGPU","3600","512"
506.464434,2.01412992477,"Tesla-K40-nvcc65","MatMulGPU","3600","512"
1317.645381,2.01397889853,"Tesla-K40-nvcc65","MatMulGPU","3600","512"
45.338579,2.20187135935,"Tesla-K40-nvcc65","MatMulShared","3600","1024"
93.906604,2.19568654299,"Tesla-K40-nvcc65","MatMulShared","3600","1024"
184.350384,2.19537569284,"Tesla-K40-nvcc65","MatMulShared","3600","1024"
229.541819,2.19461374283,"Tesla-K40-nvcc65","MatMulShared","3600","1024"
601.871307,2.19362307787,"Tesla-K40-nvcc65","MatMulShared","3600","1024"
828.15729,2.1929502964,"Tesla-K40-nvcc65","MatMulShared","3600","1024"
963.8713,2.19292960167,"Tesla-K40-nvcc65","MatMulShared","3600","1024"
2011.333652,2.19278413057,"Tesla-K40-nvcc65","MatMulShared","3600","1024"
40.416453,1.9587328434,"Tesla-K40-nvcc65","MatMulShared","3600","128"
87.315424,1.95869904757,"Tesla-K40-nvcc65","MatMulShared","3600","128"
127.766088,1.95849422216,"Tesla-K40-nvcc65","MatMulShared","3600","128"
330.582084,1.95610494614,"Tesla-K40-nvcc65","MatMulShared","3600","128"
1643.578433,1.95540789366,"Tesla-K40-nvcc65","MatMulShared","3600","128"
2375.850721,1.95470317602,"Tesla-K40-nvcc65","MatMulShared","3600","128"
40.712823,1.97140187025,"Tesla-K40-nvcc65","MatMulShared","3600","256"
81.534555,1.97108989954,"Tesla-K40-nvcc65","MatMulShared","3600","256"
122.266017,1.9682408452,"Tesla-K40-nvcc65","MatMulShared","3600","256"
288.397126,1.96690335274,"Tesla-K40-nvcc65","MatMulShared","3600","256"
451.254547,1.96586806774,"Tesla-K40-nvcc65","MatMulShared","3600","256"
42.034655,2.0167470932,"Tesla-K40-nvcc65","MatMulShared","3600","512"
208.582207,2.01230791807,"Tesla-K40-nvcc65","MatMulShared","3600","512"
1140.220148,2.01196250916,"Tesla-K40-nvcc65","MatMulShared","3600","512"
1265.059933,2.01125106812,"Tesla-K40-nvcc65","MatMulShared","3600","512"
44.14694,1.98475798368,"Tesla-K40-nvcc65","MatMulSharedUn","3600","256"
290.701154,1.98397828341,"Tesla-K40-nvcc65","MatMulSharedUn","3600","256"
704.991923,1.98269051313,"Tesla-K40-nvcc65","MatMulSharedUn","3600","256"
48.091283,2.3410276413,"Tesla-K40-nvcc65","MatMulUn","3600","1024"
143.48611,2.29515103102,"Tesla-K40-nvcc65","MatMulUn","3600","1024"
334.492199,2.29275385141,"Tesla-K40-nvcc65","MatMulUn","3600","1024"
622.707987,2.29268041849,"Tesla-K40-nvcc65","MatMulUn","3600","1024"
716.99847,2.29227155447,"Tesla-K40-nvcc65","MatMulUn","3600","1024"
1952.041895,2.2919259429,"Tesla-K40-nvcc65","MatMulUn","3600","1024"
1999.20811,2.29126083851,"Tesla-K40-nvcc65","MatMulUn","3600","1024"
40.752821,1.96018099785,"Tesla-K40-nvcc65","MatMulUn","3600","128"
168.728482,1.9592033267,"Tesla-K40-nvcc65","MatMulUn","3600","128"
412.143047,1.9591157794,"Tesla-K40-nvcc65","MatMulUn","3600","128"
452.589845,1.95820794106,"Tesla-K40-nvcc65","MatMulUn","3600","128"
1354.021967,1.95606825352,"Tesla-K40-nvcc65","MatMulUn","3600","128"
40.667725,1.97167043686,"Tesla-K40-nvcc65","MatMulUn","3600","256"
122.178456,1.97148183584,"Tesla-K40-nvcc65","MatMulUn","3600","256"
162.878563,1.97101993561,"Tesla-K40-nvcc65","MatMulUn","3600","256"
203.600749,1.97082493305,"Tesla-K40-nvcc65","MatMulUn","3600","256"
407.257048,1.97059725523,"Tesla-K40-nvcc65","MatMulUn","3600","256"
488.675023,1.9704988122,"Tesla-K40-nvcc65","MatMulUn","3600","256"
529.345025,1.96936744452,"Tesla-K40-nvcc65","MatMulUn","3600","256"
855.35266,1.96882158518,"Tesla-K40-nvcc65","MatMulUn","3600","256"
3.375233,9999,"Tesla-K40-nvcc65","MatMulUn","3600","512"
51.505081,2.0320531249,"Tesla-K40-nvcc65","MatMulUn","3600","512"
93.37474,2.03082643747,"Tesla-K40-nvcc65","MatMulUn","3600","512"
219.264846,2.02866051197,"Tesla-K40-nvcc65","MatMulUn","3600","512"
471.148699,2.02753442526,"Tesla-K40-nvcc65","MatMulUn","3600","512"
807.057177,2.0244502902,"Tesla-K40-nvcc65","MatMulUn","3600","512"
2.135869,0.00180221796036,"Tesla-K40-nvcc65","ParticleFilterFloat","3600","1000"
2.230128,0.00217260122299,"Tesla-K40-nvcc65","ParticleFilterFloat","3600","10000"
1.968527,0.00248037576675,"Tesla-K40-nvcc65","ParticleFilterFloat","3600","100000"
3.748043,0.00186480283737,"Tesla-K40-nvcc65","ParticleFilterFloat","3600","100000"
194.841446,0.00186256170273,"Tesla-K40-nvcc65","ParticleFilterFloat","3600","100000"
2.29677,0.00246427059174,"Tesla-K40-nvcc65","ParticleFilterFloat","3600","20000"
4.027031,0.00231282711029,"Tesla-K40-nvcc65","ParticleFilterFloat","3600","20000"
17.997932,0.00225660800934,"Tesla-K40-nvcc65","ParticleFilterFloat","3600","20000"
33.919838,0.00222282409668,"Tesla-K40-nvcc65","ParticleFilterFloat","3600","20000"
86.173665,0.00221143960953,"Tesla-K40-nvcc65","ParticleFilterFloat","3600","20000"
293.338863,0.00217442512512,"Tesla-K40-nvcc65","ParticleFilterFloat","3600","20000"
402.914096,0.0021656870842,"Tesla-K40-nvcc65","ParticleFilterFloat","3600","20000"
2.121818,0.00173703432083,"Tesla-K40-nvcc65","ParticleFilterFloat","3600","5000"
2.069611,0.00202540159225,"Tesla-K40-nvcc65","ParticleFilterFloat","3600","50000"
5.623976,0.0019007563591,"Tesla-K40-nvcc65","ParticleFilterFloat","3600","50000"
153.188721,0.00189620256424,"Tesla-K40-nvcc65","ParticleFilterFloat","3600","50000"
589.683616,0.00188555717468,"Tesla-K40-nvcc65","ParticleFilterFloat","3600","50000"
1080.600093,0.00188370943069,"Tesla-K40-nvcc65","ParticleFilterFloat","3600","50000"
1860.664844,0.00188316106796,"Tesla-K40-nvcc65","ParticleFilterFloat","3600","50000"
2.075208,0.00217537879944,"Tesla-K40-nvcc65","ParticleFilterFloat","3600","8000"
1.952262,0.00186861753464,"Tesla-K40-nvcc65","ParticleFilterNaive","3600","1000"
3.825201,0.00176522731781,"Tesla-K40-nvcc65","ParticleFilterNaive","3600","1000"
1.949362,0.00273104906082,"Tesla-K40-nvcc65","ParticleFilterNaive","3600","10000"
3.921274,0.00266176462173,"Tesla-K40-nvcc65","ParticleFilterNaive","3600","10000"
5.481567,0.00219373703003,"Tesla-K40-nvcc65","ParticleFilterNaive","3600","10000"
20.285506,0.00218511819839,"Tesla-K40-nvcc65","ParticleFilterNaive","3600","10000"
26.794765,0.00215209722519,"Tesla-K40-nvcc65","ParticleFilterNaive","3600","10000"
495.590742,0.00215120315552,"Tesla-K40-nvcc65","ParticleFilterNaive","3600","10000"
2.017052,0.00283545255661,"Tesla-K40-nvcc65","ParticleFilterNaive","3600","100000"
3.706673,0.00269204378128,"Tesla-K40-nvcc65","ParticleFilterNaive","3600","100000"
5.306185,0.00239497423172,"Tesla-K40-nvcc65","ParticleFilterNaive","3600","100000"
6.971337,0.00229580402374,"Tesla-K40-nvcc65","ParticleFilterNaive","3600","100000"
13.715241,0.00225307941437,"Tesla-K40-nvcc65","ParticleFilterNaive","3600","100000"
18.667703,0.00223056077957,"Tesla-K40-nvcc65","ParticleFilterNaive","3600","100000"
36.886085,0.00222761631012,"Tesla-K40-nvcc65","ParticleFilterNaive","3600","100000"
58.729758,0.00222336053848,"Tesla-K40-nvcc65","ParticleFilterNaive","3600","100000"
519.047214,0.00221562385559,"Tesla-K40-nvcc65","ParticleFilterNaive","3600","100000"
1338.223674,0.00219737291336,"Tesla-K40-nvcc65","ParticleFilterNaive","3600","100000"
1611.333193,0.00219315290451,"Tesla-K40-nvcc65","ParticleFilterNaive","3600","100000"
2.387156,0.00258318185806,"Tesla-K40-nvcc65","ParticleFilterNaive","3600","20000"
4.106049,0.00242574214935,"Tesla-K40-nvcc65","ParticleFilterNaive","3600","20000"
5.747643,0.00232304334641,"Tesla-K40-nvcc65","ParticleFilterNaive","3600","20000"
10.968069,0.00231475830078,"Tesla-K40-nvcc65","ParticleFilterNaive","3600","20000"
14.180147,0.00225925445557,"Tesla-K40-nvcc65","ParticleFilterNaive","3600","20000"
69.447298,0.00223202705383,"Tesla-K40-nvcc65","ParticleFilterNaive","3600","20000"
795.619633,0.00222482681274,"Tesla-K40-nvcc65","ParticleFilterNaive","3600","20000"
1327.632353,0.00222274065018,"Tesla-K40-nvcc65","ParticleFilterNaive","3600","20000"
2163.645357,0.00219352245331,"Tesla-K40-nvcc65","ParticleFilterNaive","3600","20000"
2.033615,0.00180902481079,"Tesla-K40-nvcc65","ParticleFilterNaive","3600","5000"
2.107789,0.00330575704575,"Tesla-K40-nvcc65","ParticleFilterNaive","3600","50000"
3.719476,0.00230195522308,"Tesla-K40-nvcc65","ParticleFilterNaive","3600","50000"
40.637295,0.00226123332977,"Tesla-K40-nvcc65","ParticleFilterNaive","3600","50000"
92.19673,0.00222873687744,"Tesla-K40-nvcc65","ParticleFilterNaive","3600","50000"
327.483936,0.00219504833221,"Tesla-K40-nvcc65","ParticleFilterNaive","3600","50000"
1.887576,0.00213286876678,"Tesla-K40-nvcc65","ParticleFilterNaive","3600","8000"
39.670589,1.87581082582,"Tesla-K40-nvcc65","Pathfinder","3600","10000"
39.893375,1.87812385559,"Tesla-K40-nvcc65","Pathfinder","3600","100000"
2448.544626,1.87770093679,"Tesla-K40-nvcc65","Pathfinder","3600","100000"
2764.369613,1.87665902376,"Tesla-K40-nvcc65","Pathfinder","3600","100000"
39.789637,1.87974604368,"Tesla-K40-nvcc65","Pathfinder","3600","1000000"
158.38349,1.87870284319,"Tesla-K40-nvcc65","Pathfinder","3600","1000000"
671.708624,1.87830141783,"Tesla-K40-nvcc65","Pathfinder","3600","1000000"
790.089147,1.87772107124,"Tesla-K40-nvcc65","Pathfinder","3600","1000000"
1737.208114,1.87739056349,"Tesla-K40-nvcc65","Pathfinder","3600","1000000"
2091.807303,1.87580491304,"Tesla-K40-nvcc65","Pathfinder","3600","1000000"
39.710509,1.88110407591,"Tesla-K40-nvcc65","Pathfinder","3600","10000000"
79.164759,1.88071886301,"Tesla-K40-nvcc65","Pathfinder","3600","10000000"
118.641305,1.87960745096,"Tesla-K40-nvcc65","Pathfinder","3600","10000000"
158.005447,1.8790599227,"Tesla-K40-nvcc65","Pathfinder","3600","10000000"
315.856618,1.87809847593,"Tesla-K40-nvcc65","Pathfinder","3600","10000000"
1539.584485,1.87748931646,"Tesla-K40-nvcc65","Pathfinder","3600","10000000"
39.397612,1.87903575897,"Tesla-K40-nvcc65","Pathfinder","3600","500000"
78.828423,1.87863051891,"Tesla-K40-nvcc65","Pathfinder","3600","500000"
671.733597,1.87804613113,"Tesla-K40-nvcc65","Pathfinder","3600","500000"
1263.799684,1.87734478712,"Tesla-K40-nvcc65","Pathfinder","3600","500000"
3553.331877,1.87732592821,"Tesla-K40-nvcc65","Pathfinder","3600","500000"
39.472113,1.88145045042,"Tesla-K40-nvcc65","Pathfinder","3600","5000000"
118.451168,1.87946000099,"Tesla-K40-nvcc65","Pathfinder","3600","5000000"
197.376897,1.87845721245,"Tesla-K40-nvcc65","Pathfinder","3600","5000000"
315.938925,1.87692781687,"Tesla-K40-nvcc65","Pathfinder","3600","5000000"
2920.649412,1.87645556927,"Tesla-K40-nvcc65","Pathfinder","3600","5000000"
45.046174,2.16077619791,"Tesla-K40-nvcc65","Quicksort","3600","16384"
635.556655,2.15535986423,"Tesla-K40-nvcc65","Quicksort","3600","16384"
776.9617,2.1521672368,"Tesla-K40-nvcc65","Quicksort","3600","16384"
2028.957548,2.14873365164,"Tesla-K40-nvcc65","Quicksort","3600","16384"
2714.952743,2.14759396315,"Tesla-K40-nvcc65","Quicksort","3600","16384"
2759.740875,2.145969522,"Tesla-K40-nvcc65","Quicksort","3600","16384"
2894.235285,2.14478461742,"Tesla-K40-nvcc65","Quicksort","3600","16384"
3583.236408,2.14315428734,"Tesla-K40-nvcc65","Quicksort","3600","16384"
53.671727,2.59440510273,"Tesla-K40-nvcc65","Quicksort","3600","32768"
2809.338728,2.58256857395,"Tesla-K40-nvcc65","Quicksort","3600","32768"
3.922166,9999,"Tesla-K40-nvcc65","Quicksort","3600","4096"
49.994204,2.0462212801,"Tesla-K40-nvcc65","Quicksort","3600","4096"
91.593703,1.99779111147,"Tesla-K40-nvcc65","Quicksort","3600","4096"
601.771054,1.99561127424,"Tesla-K40-nvcc65","Quicksort","3600","4096"
727.383086,1.99234206676,"Tesla-K40-nvcc65","Quicksort","3600","4096"
1529.056422,1.99189630747,"Tesla-K40-nvcc65","Quicksort","3600","4096"
1947.46074,1.99098125696,"Tesla-K40-nvcc65","Quicksort","3600","4096"
2872.592011,1.9900436759,"Tesla-K40-nvcc65","Quicksort","3600","4096"
3294.510614,1.98734999895,"Tesla-K40-nvcc65","Quicksort","3600","4096"
183.818522,9.09796136618,"Tesla-K40-nvcc65","Quicksort","3600","65536"
367.498181,9.08980851173,"Tesla-K40-nvcc65","Quicksort","3600","65536"
1132.800151,4.28771812916,"Tesla-K40-nvcc65","Quicksort","3600","65536"
1407.329695,4.27574368715,"Tesla-K40-nvcc65","Quicksort","3600","65536"
2218.355156,4.25357943773,"Tesla-K40-nvcc65","Quicksort","3600","65536"
3163.182875,4.15021774769,"Tesla-K40-nvcc65","Quicksort","3600","65536"
3418.186633,4.14236953259,"Tesla-K40-nvcc65","Quicksort","3600","65536"
3.894019,9999,"Tesla-K40-nvcc65","Quicksort","3600","8192"
54.839492,2.11829063892,"Tesla-K40-nvcc65","Quicksort","3600","8192"
97.477133,2.04920113087,"Tesla-K40-nvcc65","Quicksort","3600","8192"
369.381106,2.03365795612,"Tesla-K40-nvcc65","Quicksort","3600","8192"
455.353511,2.02988034487,"Tesla-K40-nvcc65","Quicksort","3600","8192"
669.685996,2.02814638615,"Tesla-K40-nvcc65","Quicksort","3600","8192"
754.578318,2.02751364708,"Tesla-K40-nvcc65","Quicksort","3600","8192"
1280.751745,2.02518796921,"Tesla-K40-nvcc65","Quicksort","3600","8192"
3058.360456,2.0251804471,"Tesla-K40-nvcc65","Quicksort","3600","8192"
50.345471,2.44817906618,"Tesla-K40-nvcc65","SubSeqMax","3600","134217728"
60.580146,2.96456748247,"Tesla-K40-nvcc65","SubSeqMax","3600","268435456"
246.738932,2.96219609976,"Tesla-K40-nvcc65","SubSeqMax","3600","268435456"
368.66443,2.95649186373,"Tesla-K40-nvcc65","SubSeqMax","3600","268435456"
675.665606,2.95378506184,"Tesla-K40-nvcc65","SubSeqMax","3600","268435456"
1360.25429,2.95267812014,"Tesla-K40-nvcc65","SubSeqMax","3600","268435456"
1852.185496,2.95247443914,"Tesla-K40-nvcc65","SubSeqMax","3600","268435456"
43.201091,2.0947478056,"Tesla-K40-nvcc65","SubSeqMax","3600","33554432"
176.20505,2.0921313405,"Tesla-K40-nvcc65","SubSeqMax","3600","33554432"
222.615868,2.09020100832,"Tesla-K40-nvcc65","SubSeqMax","3600","33554432"
441.741018,2.08879901171,"Tesla-K40-nvcc65","SubSeqMax","3600","33554432"
621.148552,2.0872215867,"Tesla-K40-nvcc65","SubSeqMax","3600","33554432"
883.404261,2.08680998087,"Tesla-K40-nvcc65","SubSeqMax","3600","33554432"
926.397566,2.08177508116,"Tesla-K40-nvcc65","SubSeqMax","3600","33554432"
969.299414,2.08055204153,"Tesla-K40-nvcc65","SubSeqMax","3600","33554432"
1012.572504,2.08021520376,"Tesla-K40-nvcc65","SubSeqMax","3600","33554432"
2762.83052,2.07601671219,"Tesla-K40-nvcc65","SubSeqMax","3600","33554432"
45.583047,2.21295868158,"Tesla-K40-nvcc65","SubSeqMax","3600","67108864"
464.081712,2.21172765493,"Tesla-K40-nvcc65","SubSeqMax","3600","67108864"
604.623913,2.20939837694,"Tesla-K40-nvcc65","SubSeqMax","3600","67108864"
650.071542,2.20526173115,"Tesla-K40-nvcc65","SubSeqMax","3600","67108864"
41.592291,1.99917243719,"Tesla-K40-nvcc65","VecAdd","3600","1048576"
133.967857,1.99851799011,"Tesla-K40-nvcc65","VecAdd","3600","1048576"
258.245961,1.99540709257,"Tesla-K40-nvcc65","VecAdd","3600","1048576"
554.699083,1.99430081844,"Tesla-K40-nvcc65","VecAdd","3600","1048576"
886.326765,1.99395772219,"Tesla-K40-nvcc65","VecAdd","3600","1048576"
2266.495142,1.99372903109,"Tesla-K40-nvcc65","VecAdd","3600","1048576"
41.001427,1.98149995804,"Tesla-K40-nvcc65","VecAdd","3600","131072"
81.898434,1.97746684551,"Tesla-K40-nvcc65","VecAdd","3600","131072"
204.921761,1.97594894171,"Tesla-K40-nvcc65","VecAdd","3600","131072"
245.813002,1.97442423105,"Tesla-K40-nvcc65","VecAdd","3600","131072"
410.042567,1.97364349365,"Tesla-K40-nvcc65","VecAdd","3600","131072"
532.810901,1.97083364725,"Tesla-K40-nvcc65","VecAdd","3600","131072"
41.243919,1.97786028385,"Tesla-K40-nvcc65","VecAdd","3600","262144"
82.10886,1.9756726265,"Tesla-K40-nvcc65","VecAdd","3600","262144"
41.082899,1.9725335598,"Tesla-K40-nvcc65","VecAdd","3600","32768"
123.106933,1.96929913759,"Tesla-K40-nvcc65","VecAdd","3600","32768"
450.754824,1.96861256361,"Tesla-K40-nvcc65","VecAdd","3600","32768"
42.969546,2.07191767693,"Tesla-K40-nvcc65","VecAdd","3600","4194304"
85.922655,2.07186250687,"Tesla-K40-nvcc65","VecAdd","3600","4194304"
1993.95309,2.06970325708,"Tesla-K40-nvcc65","VecAdd","3600","4194304"
8.705249,6.66867685318,"Tesla-K20","MatMulGPU","3600","1024"
16.944489,6.15311694145,"Tesla-K20","MatMulGPU","3600","1024"
133.570462,6.06944298744,"Tesla-K20","MatMulGPU","3600","1024"
596.173372,5.92795109749,"Tesla-K20","MatMulGPU","3600","1024"
833.464615,5.8709089756,"Tesla-K20","MatMulGPU","3600","1024"
2117.330471,5.78279304504,"Tesla-K20","MatMulGPU","3600","1024"
8.89326,9999,"Tesla-K20","MatMulGPU","3600","128"
17.614844,6.58067297935,"Tesla-K20","MatMulGPU","3600","128"
26.031458,6.31519198418,"Tesla-K20","MatMulGPU","3600","128"
61.063052,6.273239851,"Tesla-K20","MatMulGPU","3600","128"
68.827713,5.66642093658,"Tesla-K20","MatMulGPU","3600","128"
392.678996,5.65348005295,"Tesla-K20","MatMulGPU","3600","128"
468.241236,5.34911489487,"Tesla-K20","MatMulGPU","3600","128"
7.831919,5.81721591949,"Tesla-K20","MatMulGPU","3600","256"
15.600996,5.67773008347,"Tesla-K20","MatMulGPU","3600","256"
329.625238,5.67679286003,"Tesla-K20","MatMulGPU","3600","256"
380.362498,5.64750099182,"Tesla-K20","MatMulGPU","3600","256"
2377.838269,5.37134695053,"Tesla-K20","MatMulGPU","3600","256"
8.588104,6.60337495804,"Tesla-K20","MatMulGPU","3600","512"
17.001795,6.33541893959,"Tesla-K20","MatMulGPU","3600","512"
76.815124,5.83973288536,"Tesla-K20","MatMulGPU","3600","512"
93.84,5.83420586586,"Tesla-K20","MatMulGPU","3600","512"
161.847608,5.80075287819,"Tesla-K20","MatMulGPU","3600","512"
1782.815366,5.79709196091,"Tesla-K20","MatMulGPU","3600","512"
8.421632,6.46224212646,"Tesla-K20","MatMulShared","3600","1024"
70.385818,6.06188416481,"Tesla-K20","MatMulShared","3600","1024"
492.378133,6.06117892265,"Tesla-K20","MatMulShared","3600","1024"
1712.26594,6.02777814865,"Tesla-K20","MatMulShared","3600","1024"
1737.845059,5.78331208229,"Tesla-K20","MatMulShared","3600","1024"
11.762133,9999,"Tesla-K20","MatMulShared","3600","128"
37.808668,6.23536586761,"Tesla-K20","MatMulShared","3600","128"
62.822658,6.2346060276,"Tesla-K20","MatMulShared","3600","128"
71.099669,6.17695879936,"Tesla-K20","MatMulShared","3600","128"
78.974486,5.67679595947,"Tesla-K20","MatMulShared","3600","128"
155.695827,5.62322998047,"Tesla-K20","MatMulShared","3600","128"
341.060539,5.56191015244,"Tesla-K20","MatMulShared","3600","128"
2207.838948,5.54329514503,"Tesla-K20","MatMulShared","3600","128"
8.329558,6.2840628624,"Tesla-K20","MatMulShared","3600","256"
25.750748,6.21198797226,"Tesla-K20","MatMulShared","3600","256"
33.937636,6.10518217087,"Tesla-K20","MatMulShared","3600","256"
92.046735,5.78058600426,"Tesla-K20","MatMulShared","3600","256"
309.634656,5.63501906395,"Tesla-K20","MatMulShared","3600","256"
1762.765713,5.44522309303,"Tesla-K20","MatMulShared","3600","256"
8.345061,6.32361793518,"Tesla-K20","MatMulShared","3600","512"
25.025934,5.75241398811,"Tesla-K20","MatMulShared","3600","512"
1159.336222,5.74832105637,"Tesla-K20","MatMulShared","3600","512"
3303.097543,5.73544216156,"Tesla-K20","MatMulShared","3600","512"
8.731948,6.68378090858,"Tesla-K20","MatMulUn","3600","1024"
44.384222,6.5384452343,"Tesla-K20","MatMulUn","3600","1024"
80.236552,6.40559101105,"Tesla-K20","MatMulUn","3600","1024"
132.854306,6.32989501953,"Tesla-K20","MatMulUn","3600","1024"
150.607842,6.27805304527,"Tesla-K20","MatMulUn","3600","1024"
319.0472,5.90152096748,"Tesla-K20","MatMulUn","3600","1024"
949.172412,5.89317202568,"Tesla-K20","MatMulUn","3600","1024"
7.640566,5.67262101173,"Tesla-K20","MatMulUn","3600","128"
73.767177,5.66314101219,"Tesla-K20","MatMulUn","3600","128"
230.273913,5.35709214211,"Tesla-K20","MatMulUn","3600","128"
684.566563,5.34384799004,"Tesla-K20","MatMulUn","3600","128"
8.570316,6.57356715202,"Tesla-K20","MatMulUn","3600","256"
16.313887,5.66705012321,"Tesla-K20","MatMulUn","3600","256"
1876.40281,5.65819406509,"Tesla-K20","MatMulUn","3600","256"
2310.364821,5.53989100456,"Tesla-K20","MatMulUn","3600","256"
8.121233,9999,"Tesla-K20","MatMulUn","3600","512"
16.072984,5.8859899044,"Tesla-K20","MatMulUn","3600","512"
84.533718,5.83045506477,"Tesla-K20","MatMulUn","3600","512"
135.507577,5.7717499733,"Tesla-K20","MatMulUn","3600","512"
2027.665907,5.58535003662,"Tesla-K20","MatMulUn","3600","512"
15.246997,13.205384016,"Tesla-K20","SubSeqMax","3600","1073741824"
61.622111,13.0944128036,"Tesla-K20","SubSeqMax","3600","1073741824"
75.822627,11.927806139,"Tesla-K20","SubSeqMax","3600","1073741824"
89.49948,11.5345339775,"Tesla-K20","SubSeqMax","3600","1073741824"
145.860364,11.4082129002,"Tesla-K20","SubSeqMax","3600","1073741824"
1450.697655,11.4032618999,"Tesla-K20","SubSeqMax","3600","1073741824"
8.999617,6.93743610382,"Tesla-K20","SubSeqMax","3600","134217728"
26.916966,6.63011312485,"Tesla-K20","SubSeqMax","3600","134217728"
149.031645,6.61598801613,"Tesla-K20","SubSeqMax","3600","134217728"
176.49561,6.60881900787,"Tesla-K20","SubSeqMax","3600","134217728"
316.33172,6.57458806038,"Tesla-K20","SubSeqMax","3600","134217728"
400.119294,6.49799704552,"Tesla-K20","SubSeqMax","3600","134217728"
578.335576,6.45762300491,"Tesla-K20","SubSeqMax","3600","134217728"
718.693185,6.40410900116,"Tesla-K20","SubSeqMax","3600","134217728"
997.757703,6.27655410767,"Tesla-K20","SubSeqMax","3600","134217728"
2354.374956,6.24889397621,"Tesla-K20","SubSeqMax","3600","134217728"
9.764551,7.76800203323,"Tesla-K20","SubSeqMax","3600","268435456"
19.533867,7.6703081131,"Tesla-K20","SubSeqMax","3600","268435456"
29.251935,7.6077170372,"Tesla-K20","SubSeqMax","3600","268435456"
119.534486,7.34796094894,"Tesla-K20","SubSeqMax","3600","268435456"
299.076805,7.22358703613,"Tesla-K20","SubSeqMax","3600","268435456"
878.550532,7.06311798096,"Tesla-K20","SubSeqMax","3600","268435456"
8.494341,6.4712460041,"Tesla-K20","SubSeqMax","3600","33554432"
16.576022,5.90873289108,"Tesla-K20","SubSeqMax","3600","33554432"
433.707975,5.86268615723,"Tesla-K20","SubSeqMax","3600","33554432"
911.524146,5.85090994835,"Tesla-K20","SubSeqMax","3600","33554432"
997.376066,5.83548021317,"Tesla-K20","SubSeqMax","3600","33554432"
1503.251248,5.82747888565,"Tesla-K20","SubSeqMax","3600","33554432"
1845.332037,5.78158402443,"Tesla-K20","SubSeqMax","3600","33554432"
2010.799703,5.68856191635,"Tesla-K20","SubSeqMax","3600","33554432"
12.14973,10.1107001305,"Tesla-K20","SubSeqMax","3600","536870912"
23.184618,8.88216805458,"Tesla-K20","SubSeqMax","3600","536870912"
570.053248,8.47528100014,"Tesla-K20","SubSeqMax","3600","536870912"
1555.697357,8.29467082024,"Tesla-K20","SubSeqMax","3600","536870912"
8.510036,6.47418189049,"Tesla-K20","SubSeqMax","3600","67108864"
72.118399,6.38287305832,"Tesla-K20","SubSeqMax","3600","67108864"
89.546326,6.2414700985,"Tesla-K20","SubSeqMax","3600","67108864"
342.498729,6.1875898838,"Tesla-K20","SubSeqMax","3600","67108864"
350.773664,6.11671590805,"Tesla-K20","SubSeqMax","3600","67108864"
376.912712,5.95912194252,"Tesla-K20","SubSeqMax","3600","67108864"
725.811411,5.94628882408,"Tesla-K20","SubSeqMax","3600","67108864"
3410.202524,5.88962316513,"Tesla-K20","SubSeqMax","3600","67108864"
